geoid10,poi_cat_automotive,poi_cat_civic_community,poi_cat_education,poi_cat_entertainment,poi_cat_finance,poi_cat_food_drink,poi_cat_grocery,poi_cat_health,poi_cat_leisure_sports,poi_cat_lodging,poi_cat_nightlife,poi_cat_services,poi_cat_shopping,poi_cat_transport
17031010100,0,3,1,0,2,2,1,0,0,0,0,1,1,2
17031010201,0,1,2,0,1,7,1,0,0,0,1,2,3,2
17031010202,1,2,1,5,3,5,5,1,0,0,0,2,9,4
17031010300,1,4,1,7,0,2,3,0,0,1,3,3,1,2
17031010400,0,4,3,7,1,9,3,0,0,0,2,0,2,1
17031010501,0,1,0,1,1,2,2,0,0,0,0,0,1,2
17031010502,0,5,0,2,1,8,0,0,0,0,0,0,0,1
17031010503,0,3,2,1,2,12,0,0,0,2,1,1,3,1
17031010600,0,3,2,24,0,7,4,0,0,0,3,3,4,1
17031010701,0,1,0,0,0,0,0,1,0,0,0,2,1,1
17031010702,0,5,3,0,2,18,5,1,0,0,1,3,8,2
17031020100,5,3,1,2,1,8,6,2,0,0,1,7,7,5
17031020200,4,6,2,0,3,10,5,3,0,0,1,6,9,1
17031020301,0,13,3,1,0,1,1,0,0,0,0,0,0,3
17031020302,2,7,3,2,1,2,2,0,0,0,0,0,1,2
17031020400,1,4,2,0,1,6,1,0,0,0,1,4,0,1
17031020500,1,1,0,0,2,5,7,0,0,0,0,3,0,2
17031020601,1,9,3,0,1,2,4,1,0,0,0,0,1,1
17031020602,4,2,0,0,2,4,7,0,0,0,0,0,5,0
17031020701,0,4,4,0,1,5,1,1,0,1,0,0,0,3
17031020702,1,8,2,1,2,7,2,1,0,0,0,2,3,0
17031020801,2,4,4,0,0,3,2,0,0,2,2,1,1,5
17031020802,1,7,2,0,1,15,4,0,0,0,1,2,9,5
17031020901,2,1,1,1,2,4,3,0,0,0,1,0,1,1
17031020902,1,3,0,0,0,5,3,0,0,0,0,2,1,4
17031030101,0,1,0,1,0,5,3,0,0,0,0,2,4,0
17031030102,1,2,0,4,1,7,2,1,0,0,1,1,0,0
17031030103,1,1,1,0,0,6,1,1,0,0,0,0,1,1
17031030104,0,0,0,2,1,1,0,0,0,0,0,0,1,0
17031030200,1,4,4,2,1,16,2,4,0,0,4,6,9,0
17031030300,0,3,0,0,0,4,4,0,0,0,4,3,2,2
17031030400,2,0,0,2,0,7,1,1,0,1,0,1,0,1
17031030500,0,5,2,1,2,12,1,1,0,0,1,3,4,2
17031030601,0,0,1,1,0,0,0,0,0,0,0,0,0,1
17031030603,0,0,0,5,1,7,3,1,0,0,0,2,2,1
17031030604,0,3,0,1,0,0,1,0,0,0,1,0,0,1
17031030701,0,0,0,0,0,6,2,1,0,0,0,1,0,0
17031030703,2,0,0,4,0,3,1,2,0,0,1,0,2,2
17031030706,0,3,0,1,0,1,3,0,0,0,1,1,0,1
17031030800,0,4,1,3,2,29,4,5,1,0,1,3,27,0
17031030900,0,4,5,2,2,16,6,4,0,0,7,2,14,4
17031031000,2,1,0,2,2,9,5,3,1,1,3,4,5,3
17031031100,1,2,2,3,2,11,3,0,0,0,7,7,9,3
17031031200,1,3,3,6,2,37,15,6,0,2,3,10,15,1
17031031300,0,5,0,1,0,0,0,1,2,0,0,0,1,2
17031031400,0,6,4,5,1,6,3,2,2,0,0,0,2,6
17031031501,0,3,1,0,0,1,1,0,0,1,0,0,0,0
17031031502,0,1,1,0,1,6,1,0,0,0,1,0,2,0
17031031700,0,3,1,4,1,10,1,0,0,0,2,1,1,0
17031031800,0,1,2,0,0,8,1,1,0,0,0,0,3,1
17031031900,1,3,0,3,0,3,1,0,0,0,2,1,2,0
17031032100,1,4,3,3,2,7,5,7,0,0,3,9,7,2
17031040100,1,5,1,4,0,3,1,0,0,0,5,1,2,3
17031040201,1,4,2,0,3,14,6,1,0,0,2,1,2,4
17031040202,0,3,0,0,0,4,4,0,0,3,1,0,4,2
17031040300,1,3,1,0,0,1,1,1,0,0,0,0,0,4
17031040401,0,1,1,1,1,3,1,0,0,0,0,0,2,1
17031040402,0,1,4,1,0,10,2,1,1,0,1,0,1,2
17031040600,1,2,1,3,0,31,6,0,1,0,3,3,10,4
17031040700,1,2,0,1,0,11,2,1,0,0,0,2,2,1
17031040800,0,1,2,0,1,2,1,2,0,0,0,2,0,2
17031040900,0,4,3,1,0,12,0,1,0,0,0,3,3,2
17031050100,0,2,2,1,2,13,0,2,1,0,8,3,4,2
17031050200,2,1,2,0,2,23,7,6,0,0,9,11,13,2
17031050300,1,2,0,1,0,6,3,0,0,0,0,0,0,2
17031050500,0,5,3,0,3,11,3,6,0,0,0,4,2,2
17031050600,1,2,3,0,2,13,3,6,0,0,7,11,14,1
17031050700,0,3,0,3,0,2,0,0,0,0,2,2,0,0
17031050800,0,0,1,0,0,7,2,2,0,0,2,2,3,2
17031050900,1,1,0,0,1,5,0,1,0,0,0,4,2,0
17031051000,0,0,0,0,0,2,0,0,0,0,2,1,1,1
17031051100,0,0,0,0,0,8,2,1,0,0,2,1,3,2
17031051200,1,0,0,0,0,0,0,0,0,0,1,1,0,0
17031051300,0,1,1,0,0,2,1,0,0,0,0,0,0,1
17031051400,0,3,2,1,0,1,2,0,0,0,0,1,0,1
17031060100,1,2,3,0,0,6,3,0,0,0,0,0,0,5
17031060200,0,3,1,2,0,5,0,0,1,0,1,1,0,2
17031060300,0,2,1,0,0,4,1,0,0,0,1,1,0,1
17031060400,1,0,1,0,1,4,2,1,0,0,2,0,0,2
17031060500,0,0,0,0,0,3,0,0,0,0,1,1,1,0
17031060800,0,0,0,0,0,4,1,2,0,0,1,1,0,1
17031060900,0,6,2,4,4,7,3,3,1,1,7,10,5,3
17031061000,0,3,2,4,0,2,2,0,0,0,6,1,2,1
17031061100,0,2,0,11,1,14,0,0,0,1,7,3,2,2
17031061200,0,2,1,2,0,11,0,1,1,0,0,0,1,1
17031061500,0,2,0,2,0,5,0,0,0,0,1,2,5,0
17031061800,0,0,1,2,0,4,2,3,0,0,1,2,1,2
17031061901,0,1,0,0,0,11,1,2,0,0,3,2,5,0
17031061902,0,1,0,1,0,1,0,0,1,0,0,0,0,1
17031062000,1,3,3,7,0,16,2,1,0,1,6,2,4,3
17031062100,1,1,0,5,1,23,2,0,0,0,11,4,6,1
17031062200,0,2,1,0,0,6,2,0,0,0,9,3,3,1
17031062300,0,0,0,0,0,8,0,1,0,0,0,1,0,0
17031062400,0,1,0,0,1,1,1,0,1,0,0,0,2,0
17031062500,0,1,1,2,1,7,1,1,0,0,4,2,3,1
17031062600,0,0,1,0,2,5,2,3,0,0,1,3,1,2
17031062700,1,2,1,1,0,21,2,1,0,0,5,1,8,3
17031062800,0,0,5,0,0,11,0,2,0,0,7,1,3,2
17031062900,0,2,1,0,0,11,2,0,0,0,1,0,1,2
17031063000,0,0,1,4,1,28,5,7,0,1,7,0,7,1
17031063100,0,2,0,2,3,15,2,0,0,0,4,9,5,2
17031063200,0,0,0,2,0,6,2,3,1,0,3,2,1,2
17031063301,0,0,1,1,0,10,1,3,0,1,3,4,6,0
17031063302,0,0,1,2,0,2,2,2,0,0,1,0,0,0
17031063303,0,0,0,5,0,2,0,1,0,0,0,0,0,0
17031063400,0,1,1,1,0,24,1,2,0,1,6,2,10,1
17031070101,0,8,1,15,0,13,1,0,2,0,3,1,0,5
17031070102,0,1,0,0,1,11,4,5,0,0,1,4,3,1
17031070103,0,1,0,0,0,4,0,1,0,0,3,1,0,0
17031070200,0,4,2,0,2,18,1,1,0,0,7,3,8,2
17031070300,0,3,1,4,2,25,2,0,1,0,8,1,3,2
17031070400,2,1,3,1,1,9,2,2,0,0,4,1,2,5
17031070500,0,2,0,0,0,0,1,0,0,0,2,2,0,2
17031070600,1,0,2,0,1,5,0,1,0,0,2,3,4,3
17031070700,0,2,4,1,4,9,2,1,1,0,2,9,11,4
17031071000,0,1,4,3,0,5,1,2,1,1,2,3,1,2
17031071100,0,2,2,5,2,19,1,2,0,0,5,1,4,3
17031071200,0,2,3,7,3,32,6,1,1,0,6,5,3,2
17031071300,0,0,0,1,0,7,1,0,0,0,1,1,2,0
17031071400,0,5,1,69,3,20,3,1,2,0,1,2,3,2
17031071500,0,3,3,18,3,12,3,2,5,1,6,4,4,8
17031071600,0,0,0,0,0,0,0,0,0,0,1,0,0,1
17031071700,0,2,0,0,0,0,0,0,0,0,2,0,0,1
17031071800,0,1,1,0,0,8,1,2,0,0,2,5,1,1
17031080100,0,1,0,4,0,0,0,1,0,1,0,0,0,1
17031080201,0,1,3,0,0,2,1,1,0,0,0,0,0,1
17031080202,0,2,0,0,0,4,1,1,0,1,3,0,1,0
17031080300,0,1,2,1,3,38,9,5,0,2,9,12,11,1
17031080400,0,2,1,1,0,6,2,4,0,0,0,4,2,3
17031081000,7,5,5,1,2,15,1,2,0,0,0,1,0,4
17031081100,0,2,1,0,2,18,2,1,0,1,5,0,4,1
17031081201,6,2,2,4,4,34,3,2,0,10,3,1,70,0
17031081202,0,1,0,1,1,10,0,1,0,2,2,1,5,2
17031081300,0,1,1,6,2,22,1,1,2,7,2,4,28,3
17031081401,0,2,4,3,1,28,1,6,1,10,2,0,10,3
17031081402,0,8,0,34,1,23,3,0,6,1,13,10,4,20
17031081403,0,4,2,18,5,42,6,6,4,9,8,8,11,10
17031081500,0,2,1,6,1,68,5,3,1,17,17,8,34,11
17031081600,0,0,1,2,2,38,6,1,1,7,14,3,1,2
17031081700,1,5,1,2,3,88,6,4,0,12,27,7,8,4
17031081800,1,4,1,15,3,57,5,5,0,1,15,11,17,13
17031081900,0,0,0,0,1,3,0,1,0,0,0,4,3,2
17031090100,2,1,2,0,0,5,0,0,0,0,0,0,0,0
17031090200,0,2,1,0,0,6,1,0,0,0,1,2,1,1
17031090300,0,1,0,0,1,0,0,0,0,0,0,0,0,0
17031100100,0,2,2,0,4,9,3,0,0,1,2,6,0,4
17031100200,3,4,4,0,4,6,4,5,3,0,6,7,7,3
17031100300,0,13,5,1,0,2,0,0,0,0,0,0,0,0
17031100400,0,0,0,0,1,0,1,2,0,0,0,0,1,0
17031100500,2,6,3,0,3,3,2,1,0,0,0,0,2,2
17031100600,2,2,1,0,0,9,4,2,0,0,0,2,2,1
17031100700,0,2,2,0,1,1,0,1,0,0,0,0,1,0
17031110100,1,3,0,0,2,5,3,1,0,0,1,2,0,3
17031110200,3,2,1,2,5,8,6,13,0,0,3,7,7,2
17031110300,2,4,0,0,3,3,3,0,1,0,2,4,0,2
17031110400,3,3,2,0,0,1,2,3,0,0,1,3,1,1
17031110501,0,1,2,1,0,1,0,2,0,0,0,0,2,1
17031110502,0,5,2,4,4,13,3,2,0,0,2,8,6,3
17031120100,0,10,2,2,1,2,0,2,0,1,0,3,3,1
17031120200,2,4,4,1,1,10,6,2,0,0,1,10,9,5
17031120300,0,5,3,0,3,5,0,2,0,0,0,3,0,1
17031120400,1,4,0,0,0,4,3,0,0,0,1,1,0,3
17031130100,4,8,7,3,1,15,1,4,2,3,0,5,10,4
17031130200,2,4,0,1,0,5,2,2,1,0,1,3,2,5
17031130300,0,6,1,0,0,7,2,0,0,0,0,0,0,0
17031140100,0,1,0,0,1,5,2,0,0,0,0,0,1,0
17031140200,0,8,4,0,2,6,4,1,0,1,0,1,1,0
17031140301,0,0,0,0,0,3,2,0,0,0,1,1,1,0
17031140302,0,1,1,0,0,0,1,0,0,0,0,0,0,0
17031140400,1,4,2,0,5,13,5,1,0,0,2,1,9,0
17031140500,1,3,0,0,2,6,2,1,0,0,0,0,3,3
17031140601,0,0,0,0,0,6,2,0,0,0,0,1,3,1
17031140602,0,0,3,0,0,0,0,0,0,0,0,0,2,0
17031140701,0,1,0,2,0,8,5,0,0,0,0,1,2,1
17031140702,1,5,1,0,0,10,3,0,0,0,0,0,3,1
17031140800,0,4,1,0,0,6,3,1,2,0,3,0,2,2
17031150200,1,4,2,5,4,19,5,13,0,0,3,5,13,8
17031150300,3,3,4,2,5,5,4,2,0,0,1,6,6,3
17031150401,0,2,1,0,1,9,4,5,0,0,4,5,5,1
17031150402,1,2,1,1,1,6,3,0,0,0,0,1,3,2
17031150501,0,1,1,0,0,0,0,0,0,0,0,1,0,1
17031150502,0,2,5,1,0,8,2,0,0,0,0,2,1,1
17031150600,0,7,2,0,0,6,0,2,0,0,1,1,2,2
17031150700,5,2,2,0,0,2,1,0,0,0,1,2,2,3
17031150800,1,3,1,1,2,8,1,6,1,1,1,6,5,0
17031151001,0,0,2,0,0,0,2,0,0,0,0,0,0,1
17031151002,1,2,1,0,0,4,2,0,0,0,0,2,0,2
17031151100,1,2,3,0,0,3,4,1,0,0,0,0,1,2
17031151200,0,0,2,0,2,0,2,3,0,0,1,0,1,3
17031160100,1,3,0,1,0,2,2,2,0,0,2,0,0,2
17031160200,2,3,1,0,0,2,1,0,0,0,5,2,1,3
17031160300,3,5,1,0,1,3,2,0,0,0,2,2,1,2
17031160400,3,6,1,2,1,6,4,1,0,0,2,3,4,3
17031160501,1,0,1,0,0,0,4,1,0,0,1,1,0,1
17031160502,0,1,1,0,1,3,3,0,0,0,2,0,1,0
17031160601,0,1,1,0,0,1,2,0,4,0,2,0,1,3
17031160602,0,1,0,0,2,5,2,0,0,0,5,1,1,2
17031160700,0,4,3,0,0,11,1,1,1,0,2,2,5,2
17031160800,2,1,2,0,1,10,2,0,0,0,2,3,4,3
17031160900,0,2,1,0,0,3,1,0,0,0,0,0,1,1
17031161000,1,2,2,0,0,9,0,1,0,0,1,0,2,1
17031161100,1,3,1,0,0,4,0,1,0,0,1,2,1,1
17031161200,0,0,1,0,0,2,0,0,1,0,0,0,0,2
17031161300,2,1,1,1,0,11,3,1,0,0,4,2,3,1
17031170100,2,2,6,3,4,9,3,5,0,0,0,3,6,3
17031170200,0,3,3,0,0,0,1,0,0,0,0,1,3,3
17031170300,1,3,1,0,1,9,3,0,0,0,1,1,1,4
17031170400,1,2,0,0,1,1,0,1,0,0,1,1,1,1
17031170500,1,2,1,0,0,2,0,0,0,0,2,2,0,2
17031170600,0,2,1,0,2,0,0,0,0,0,0,0,0,0
17031170700,0,0,0,0,0,1,0,0,0,0,1,0,0,2
17031170800,0,1,5,0,1,6,1,1,0,0,0,1,2,2
17031170900,0,0,0,0,2,2,0,0,0,0,0,0,0,1
17031171000,0,2,1,0,0,5,4,0,0,0,3,0,0,3
17031171100,0,2,1,0,0,6,1,0,1,0,0,0,0,0
17031180100,1,3,1,0,0,0,1,1,0,0,0,1,2,3
17031190100,1,1,0,0,0,5,2,2,0,0,0,1,5,0
17031190200,1,6,2,0,0,4,3,1,0,0,0,2,1,1
17031190300,0,4,1,0,3,7,4,0,0,0,0,0,2,2
17031190401,0,3,2,3,0,4,1,3,0,0,1,2,1,1
17031190402,0,4,2,0,1,2,3,0,0,0,2,1,3,3
17031190601,0,5,2,1,1,1,2,0,0,0,0,2,0,3
17031190602,2,2,1,0,0,4,2,1,0,0,0,1,0,1
17031190701,1,1,3,0,0,0,1,0,0,0,0,0,1,3
17031190702,0,1,2,0,2,1,1,0,0,1,0,0,2,3
17031190800,3,2,2,0,0,4,3,0,0,0,0,0,1,4
17031190900,0,1,0,0,1,4,1,0,0,0,0,1,2,1
17031191000,2,0,0,0,1,6,2,0,0,0,0,0,4,0
17031191100,3,4,1,0,1,4,2,1,0,0,0,1,1,3
17031191200,0,5,5,0,0,2,0,1,0,0,0,0,2,3
17031191301,0,3,2,0,0,0,4,0,0,0,0,0,1,3
17031191302,0,1,0,0,0,1,2,0,0,0,0,0,0,4
17031200100,1,0,1,0,1,3,1,1,0,0,0,0,0,2
17031200200,0,3,1,0,0,3,4,1,0,0,0,1,1,4
17031200300,1,2,0,0,1,0,2,0,0,0,1,1,1,1
17031200401,0,1,0,0,0,1,3,0,0,0,0,0,1,1
17031200402,0,5,2,1,0,2,2,0,0,0,2,1,0,2
17031210100,0,2,2,4,1,11,4,2,1,0,2,2,9,5
17031210400,0,2,1,7,0,0,2,0,0,0,0,2,0,1
17031210501,2,1,2,0,2,11,4,0,0,0,1,1,1,1
17031210502,0,2,1,1,1,4,5,0,0,0,4,0,0,0
17031210601,0,1,1,1,0,4,1,1,0,0,1,2,0,1
17031210602,0,2,1,2,1,13,3,3,1,0,2,3,6,2
17031210700,3,1,1,0,0,8,6,0,0,0,3,2,3,4
17031210800,0,1,1,0,0,4,1,0,0,0,2,0,1,1
17031210900,1,1,1,4,0,9,1,1,2,0,4,2,1,2
17031220300,1,2,1,0,0,3,0,0,0,0,2,1,4,0
17031220400,2,3,0,1,2,10,2,2,0,0,6,5,4,3
17031220500,0,2,3,2,0,28,5,4,0,0,6,7,15,0
17031220601,2,4,2,1,0,9,1,4,2,0,1,2,3,0
17031220602,0,5,1,4,0,15,6,4,1,0,3,5,13,2
17031220701,0,2,2,0,0,3,5,2,0,0,0,0,3,0
17031220702,1,1,2,4,0,3,5,1,0,0,1,3,5,2
17031220901,1,1,1,0,0,1,1,1,0,0,1,0,0,0
17031220902,1,4,3,0,0,8,5,2,0,1,0,2,7,1
17031221000,0,0,0,0,0,5,2,0,1,0,1,0,3,0
17031221100,3,3,0,1,1,9,3,2,0,0,4,2,2,3
17031221200,0,5,2,2,0,5,2,1,0,0,0,1,0,1
17031221300,0,4,1,0,2,18,8,2,0,0,12,5,5,3
17031221400,0,1,2,2,2,17,3,2,1,0,5,6,13,4
17031221500,0,2,0,1,2,9,4,1,0,0,3,5,1,3
17031221600,0,0,1,0,0,13,3,1,0,1,2,1,2,1
17031222200,2,2,1,2,1,11,0,1,1,0,3,2,8,2
17031222500,0,1,1,0,0,2,3,0,0,0,1,1,0,1
17031222600,0,0,0,0,1,5,0,0,0,0,1,0,2,1
17031222700,0,1,0,10,0,7,1,0,0,0,2,0,2,1
17031222800,0,2,0,6,1,1,2,0,0,0,0,1,0,0
17031222900,1,1,1,1,0,1,4,0,0,0,1,0,1,1
17031230100,0,3,1,0,0,0,1,0,0,0,1,1,0,1
17031230200,0,1,1,3,0,3,0,0,0,0,0,0,2,0
17031230300,0,0,0,0,0,0,1,0,0,0,1,0,0,1
17031230400,1,3,0,0,1,0,3,1,0,0,1,0,1,1
17031230500,0,4,2,0,2,3,1,0,0,0,0,1,3,0
17031230600,0,1,3,0,1,2,1,1,0,0,0,2,4,1
17031230700,0,10,3,0,0,1,3,0,0,0,0,1,2,3
17031230800,1,1,1,0,0,0,1,1,0,0,0,0,0,1
17031230900,0,4,2,0,3,9,3,1,0,0,0,1,4,0
17031231100,1,0,0,0,0,0,1,1,0,0,0,0,0,0
17031231200,1,8,1,0,2,1,2,0,0,0,0,0,1,4
17031231500,1,7,2,0,0,2,5,3,0,0,0,1,2,3
17031240200,0,2,3,1,0,2,1,1,0,0,1,0,0,0
17031240300,1,4,0,2,1,16,1,0,1,0,1,3,18,1
17031240500,0,5,1,0,1,6,4,2,0,0,2,4,5,1
17031240600,2,8,0,0,1,2,1,3,1,0,0,1,3,2
17031240700,0,3,2,0,0,0,1,1,0,0,0,0,0,1
17031240800,0,7,0,2,0,5,0,0,0,0,0,0,0,0
17031240900,0,1,0,7,0,3,1,3,0,0,2,0,0,3
17031241000,0,4,1,0,0,3,1,0,0,0,1,0,1,0
17031241100,1,4,0,1,0,9,2,1,0,0,1,3,3,0
17031241200,0,4,5,1,1,6,0,2,0,0,0,0,0,1
17031241300,0,1,0,0,0,4,1,0,0,0,0,0,1,1
17031241400,1,2,4,1,2,63,4,5,0,0,13,12,27,4
17031241500,1,2,0,2,3,30,4,6,0,0,7,13,32,2
17031241600,2,0,3,0,1,8,2,0,2,1,0,1,1,2
17031242000,0,2,4,3,0,23,3,3,0,1,3,2,4,1
17031242100,2,2,1,1,1,14,4,1,0,1,6,1,1,2
17031242200,0,0,1,1,0,10,3,1,0,0,5,2,5,2
17031242300,0,6,1,0,1,15,1,0,0,0,7,1,3,1
17031242400,0,3,5,2,1,8,2,3,0,0,5,6,7,3
17031242500,0,0,3,2,2,6,3,3,0,0,2,4,6,1
17031242600,2,2,3,1,1,7,2,0,0,0,1,2,4,1
17031242700,0,0,1,0,1,2,0,0,0,0,1,1,0,0
17031242800,1,2,0,1,0,5,1,3,0,0,0,2,2,2
17031242900,3,4,2,4,0,3,1,1,0,0,1,1,0,1
17031243000,0,0,0,1,1,8,1,2,0,0,2,2,1,1
17031243100,0,0,4,3,1,7,2,1,0,0,1,1,7,1
17031243200,1,3,4,3,0,15,2,0,0,0,3,1,1,3
17031243300,2,2,2,1,0,4,3,0,0,0,1,1,4,3
17031243400,1,2,2,0,1,13,2,0,0,0,3,2,2,1
17031243500,2,2,1,5,1,19,7,2,0,0,4,1,5,2
17031250200,2,0,0,0,0,2,0,0,0,0,0,2,0,0
17031250300,0,2,1,1,1,1,0,0,0,0,0,0,2,0
17031250400,0,2,3,0,0,3,2,0,0,0,1,0,2,6
17031250500,0,4,1,0,4,8,1,3,0,0,0,4,3,2
17031250600,1,6,2,0,0,2,1,1,0,0,0,0,1,2
17031250700,0,7,1,0,0,1,3,0,0,0,0,0,2,2
17031250800,0,1,1,0,1,4,3,1,1,0,0,1,6,4
17031251000,1,2,2,1,0,0,3,1,0,0,0,0,0,4
17031251100,0,8,0,1,0,0,1,0,0,0,0,1,3,4
17031251200,0,5,2,0,0,1,1,0,0,0,0,0,3,3
17031251300,0,12,2,1,0,2,0,0,0,0,0,0,1,3
17031251400,0,15,2,0,0,3,1,0,0,0,0,0,1,2
17031251500,0,8,4,0,0,3,1,0,0,0,0,0,0,3
17031251600,0,8,0,0,0,1,1,0,0,0,0,0,0,0
17031251700,1,7,2,0,0,0,0,0,0,0,0,0,0,0
17031251800,0,17,3,0,0,0,1,0,0,0,0,1,1,3
17031251900,1,3,1,0,0,1,0,2,0,0,0,0,0,0
17031252000,0,6,5,0,0,1,0,0,0,0,1,1,1,2
17031252101,0,3,1,0,0,2,0,0,0,0,1,0,0,2
17031252102,0,9,1,0,1,0,2,0,0,0,0,2,2,5
17031252201,1,4,5,0,0,2,1,0,0,0,0,0,0,1
17031252202,0,6,0,0,0,1,2,0,0,0,0,0,1,3
17031260100,1,0,0,0,2,0,1,0,0,0,0,0,4,1
17031260200,0,3,1,0,2,0,1,0,0,0,0,1,2,2
17031260300,0,4,1,1,0,0,0,0,0,0,0,1,0,1
17031260400,0,2,0,0,0,0,1,0,0,0,1,0,0,1
17031260500,0,4,1,0,0,0,1,0,0,0,0,0,2,2
17031260600,0,3,0,0,0,0,0,0,0,0,0,0,0,0
17031260700,0,3,1,0,0,2,1,1,0,0,0,1,2,1
17031260800,0,2,2,0,0,1,1,0,0,0,0,0,1,1
17031260900,0,3,0,0,0,0,0,0,0,0,0,0,0,0
17031261000,0,5,2,0,0,0,0,0,0,0,0,1,0,0
17031270500,0,1,2,0,0,0,1,0,0,0,0,0,0,1
17031271200,0,5,5,0,0,0,1,0,0,0,0,0,2,2
17031271300,0,1,2,0,0,0,0,0,0,0,0,0,0,1
17031271400,0,2,1,0,0,0,0,2,0,0,0,0,0,1
17031271500,0,1,0,0,0,0,0,0,0,0,0,0,0,0
17031271800,0,7,2,1,0,0,0,0,0,0,0,0,1,1
17031280100,2,1,0,4,5,76,8,2,0,2,11,14,13,14
17031280400,1,1,1,1,0,1,2,0,0,0,3,0,1,1
17031280800,0,2,2,1,1,2,0,0,0,0,0,3,2,0
17031280900,0,0,0,0,1,4,1,0,0,0,0,1,1,1
17031281900,1,4,6,4,6,44,5,4,0,1,5,9,5,11
17031282700,1,1,1,0,0,1,1,0,0,0,0,0,0,2
17031282800,0,0,0,0,0,4,0,0,0,0,1,0,0,0
17031283100,0,0,2,1,0,20,4,0,0,1,3,1,1,0
17031283200,0,0,1,1,1,9,1,0,0,0,1,0,1,1
17031283800,0,2,1,1,0,0,0,0,0,0,0,0,0,1
17031290900,0,21,3,0,0,1,0,0,0,0,0,0,1,1
17031291200,0,5,1,0,0,3,0,1,0,0,0,0,0,0
17031291600,0,0,0,24,0,0,0,0,0,0,0,0,0,0
17031292200,0,4,1,0,0,1,0,0,0,0,0,0,0,0
17031292400,0,7,2,1,0,2,0,6,0,0,0,1,1,2
17031292500,0,7,1,0,0,1,1,0,0,0,0,2,0,1
17031300500,1,0,0,0,2,1,1,2,0,0,0,0,3,1
17031300600,0,6,1,1,1,0,4,2,0,0,2,0,3,2
17031300700,0,1,0,0,1,0,0,0,0,0,0,0,2,0
17031300800,0,1,1,0,2,1,0,1,0,0,0,0,1,1
17031300900,0,4,5,1,0,4,2,0,0,0,0,0,1,0
17031301100,0,1,2,1,0,2,0,0,0,0,0,0,0,1
17031301200,1,4,2,0,1,3,0,0,0,0,0,0,2,2
17031301600,0,3,1,0,1,0,1,0,0,0,0,0,1,0
17031301701,0,4,1,0,1,2,2,0,1,0,0,0,2,0
17031301702,0,1,2,1,0,1,1,0,0,0,0,0,0,2
17031301801,0,3,3,1,0,1,0,0,0,0,0,1,1,1
17031301802,0,3,1,0,1,2,3,1,0,0,1,0,1,1
17031301803,0,3,3,0,0,1,0,0,0,0,0,0,0,1
17031310200,0,2,1,5,0,1,1,0,0,0,4,0,1,2
17031310300,0,0,2,1,1,6,0,2,0,0,1,3,2,1
17031310400,0,0,1,0,0,2,0,0,0,0,2,1,1,1
17031310500,0,0,0,1,0,6,1,0,0,0,0,0,0,1
17031310600,0,4,6,5,2,27,6,1,0,0,6,2,13,3
17031310700,0,1,1,13,0,7,2,1,0,0,0,1,0,0
17031310800,1,3,3,2,4,15,5,2,0,0,1,3,5,3
17031310900,0,3,3,2,0,4,0,0,1,0,1,0,0,1
17031320100,0,4,5,27,6,89,9,13,8,17,15,4,35,18
17031320400,0,9,7,64,8,76,5,4,0,6,6,7,22,9
17031320600,0,1,4,10,4,37,5,2,0,7,3,11,6,5
17031330100,4,14,5,46,3,44,8,9,0,3,10,14,5,15
17031330200,1,1,3,5,2,6,1,0,1,0,0,0,0,1
17031340300,0,1,1,0,0,2,0,0,0,0,0,0,0,2
17031340400,0,3,2,0,0,6,2,0,1,0,0,2,0,0
17031340500,0,1,1,0,0,1,2,0,0,0,3,2,0,2
17031340600,0,1,1,2,0,0,0,0,0,0,2,4,0,1
17031350100,0,0,0,1,0,0,0,0,0,0,0,0,0,1
17031350400,0,1,1,0,0,0,0,0,0,1,0,0,0,1
17031351000,0,3,1,1,0,9,1,0,0,0,1,2,2,3
17031351100,0,0,2,0,2,0,1,0,0,0,0,0,0,0
17031351400,0,3,2,3,1,1,1,1,0,0,0,0,0,0
17031351500,0,0,0,0,1,2,0,0,0,0,0,1,0,0
17031360200,0,3,0,0,0,0,0,0,0,0,0,0,0,0
17031380100,0,5,4,0,0,3,0,0,0,0,0,0,1,1
17031380200,1,2,0,0,0,0,1,0,0,0,0,0,1,1
17031380500,0,0,1,0,0,0,0,0,0,0,0,0,0,1
17031380700,0,5,1,0,0,1,0,0,0,0,0,0,0,0
17031381200,0,2,0,6,1,1,0,0,0,0,1,0,0,1
17031381400,0,2,1,5,0,2,2,0,0,0,0,0,2,2
17031381500,0,1,0,0,0,3,4,0,0,0,0,2,0,0
17031381700,0,0,1,0,0,0,0,1,0,0,0,0,0,0
17031381800,0,6,6,2,1,3,1,0,0,0,0,0,1,1
17031381900,0,4,0,1,0,0,0,3,0,0,0,0,0,0
17031390100,0,1,0,1,1,10,2,1,0,0,0,5,4,0
17031390200,0,3,1,3,0,2,1,0,0,0,0,0,0,3
17031390300,0,4,1,0,0,5,1,1,0,0,0,3,1,1
17031390400,1,3,1,2,1,1,0,0,0,0,0,2,1,0
17031390500,0,1,1,0,0,0,0,0,0,0,0,0,0,0
17031390600,0,0,2,0,0,0,0,0,0,0,0,0,1,1
17031390700,0,1,2,2,0,1,1,0,0,1,0,0,0,4
17031400300,0,4,1,4,0,1,2,1,0,0,0,0,0,5
17031400400,0,4,0,5,0,1,1,0,0,0,1,0,1,0
17031400500,0,10,1,1,0,2,0,0,0,0,0,0,0,0
17031400800,0,4,1,0,0,0,0,0,0,0,0,0,0,1
17031410100,1,2,1,0,1,6,2,1,0,0,1,6,3,2
17031410500,0,1,1,0,0,0,0,1,0,0,0,0,0,0
17031410600,0,2,1,2,1,4,1,0,0,0,1,2,2,1
17031410700,0,2,2,1,3,16,4,3,0,0,0,1,4,2
17031410800,0,2,0,4,6,32,2,3,0,2,2,8,13,0
17031410900,0,0,1,1,0,3,1,1,0,0,2,1,2,0
17031411000,0,6,2,10,1,9,1,0,6,0,0,3,6,5
17031411100,0,1,0,0,1,5,2,1,0,0,0,5,1,1
17031411200,0,1,2,2,2,5,1,0,0,0,1,2,2,0
17031420100,0,1,2,11,0,1,0,0,2,0,1,0,0,2
17031420200,0,2,2,1,0,3,1,0,0,1,0,0,1,0
17031420300,0,3,1,0,0,2,1,0,0,0,0,0,0,1
17031420400,1,4,4,1,0,2,2,0,0,0,0,2,0,3
17031420500,0,2,1,4,0,0,1,1,0,0,0,1,0,1
17031420600,0,2,0,1,0,2,2,0,0,0,0,0,0,1
17031420700,1,10,2,0,1,1,3,0,0,1,0,1,1,0
17031420800,0,3,1,2,0,1,1,0,0,0,1,0,3,1
17031421200,0,4,0,1,0,0,2,0,0,0,0,1,0,2
17031430101,0,0,1,0,0,1,2,0,0,0,1,1,3,1
17031430102,0,2,0,7,0,2,1,0,1,0,0,1,0,1
17031430200,0,4,3,0,0,5,3,1,0,0,0,2,0,3
17031430300,1,2,1,1,0,4,0,1,0,0,0,5,1,1
17031430400,3,6,1,0,1,7,3,0,0,0,1,1,3,1
17031430500,0,3,0,0,1,3,1,0,0,0,0,3,2,0
17031430600,0,3,1,0,1,6,1,0,0,0,0,6,5,0
17031430700,0,1,2,0,0,4,1,2,0,0,1,3,2,0
17031430800,0,1,2,0,0,0,1,0,0,0,0,0,1,1
17031430900,1,3,3,1,0,1,1,0,0,0,0,0,0,1
17031431200,0,1,2,0,0,1,2,0,0,0,0,1,1,4
17031431301,0,4,1,0,0,0,0,1,0,0,0,0,2,1
17031431302,0,11,1,1,0,3,2,0,0,0,0,1,1,1
17031431400,0,4,3,0,0,0,1,0,0,0,0,0,0,2
17031440101,1,1,0,0,1,0,5,0,0,0,0,0,2,1
17031440102,1,3,1,0,1,2,2,3,0,0,0,2,8,3
17031440201,0,2,1,0,0,0,1,0,0,0,0,0,0,2
17031440202,1,4,2,0,2,6,0,1,0,0,1,0,6,0
17031440300,0,10,4,1,0,5,2,0,0,0,0,0,1,5
17031440600,0,1,1,0,1,2,1,0,0,0,0,0,0,2
17031440700,0,1,0,0,2,1,0,0,0,0,1,0,0,1
17031440800,0,4,1,0,0,1,2,0,0,0,0,0,0,2
17031440900,0,9,3,0,0,0,0,0,0,1,0,0,0,1
17031450300,1,8,3,1,0,4,1,1,0,1,0,3,2,5
17031460100,0,5,3,3,0,4,0,0,0,0,0,0,1,3
17031460200,2,3,1,0,0,1,1,0,0,0,0,0,0,2
17031460301,0,1,2,0,0,1,1,0,0,0,0,0,2,0
17031460302,0,8,1,0,0,0,1,0,0,0,0,0,1,0
17031460400,0,4,1,0,0,2,0,0,0,0,0,0,0,1
17031460500,3,14,3,1,0,1,1,1,0,0,0,0,0,1
17031460600,0,3,4,0,0,0,1,0,0,0,0,0,0,2
17031460700,1,3,1,1,1,5,2,0,0,0,0,2,2,1
17031461000,1,9,2,2,4,7,1,4,1,0,1,3,7,1
17031470100,0,6,3,0,0,0,0,1,0,0,0,2,0,1
17031480100,0,0,2,0,0,6,0,1,0,0,0,0,1,1
17031480200,0,1,0,0,1,5,1,1,0,0,0,0,3,0
17031480300,2,3,2,0,0,0,0,0,0,1,1,0,1,1
17031480400,1,4,5,1,0,0,1,3,0,1,0,0,0,2
17031480500,5,6,0,0,1,0,0,1,0,0,0,2,1,0
17031490300,0,1,1,0,0,3,0,0,0,0,0,0,0,0
17031490400,0,0,0,0,0,0,2,0,0,0,0,0,0,2
17031490500,0,2,3,1,0,0,0,0,0,0,0,1,0,2
17031490600,0,3,1,0,1,0,0,0,0,0,0,0,0,1
17031490700,0,2,0,0,0,1,1,0,0,0,0,0,1,1
17031490800,1,5,2,2,1,7,1,0,0,0,0,0,4,1
17031490901,0,10,4,1,1,0,0,0,0,0,0,1,2,0
17031490902,0,12,2,0,0,2,1,1,0,0,0,0,1,4
17031491000,0,6,4,0,0,1,1,1,0,1,0,0,0,3
17031491100,0,7,1,1,3,0,3,0,0,0,0,0,2,3
17031491200,1,3,3,1,0,1,0,0,0,0,0,0,0,0
17031491300,0,8,1,0,0,0,0,1,0,0,0,0,0,1
17031491400,1,17,5,3,1,2,2,2,0,0,0,1,1,2
17031500100,0,3,3,1,0,1,0,0,0,0,0,1,0,2
17031500200,0,2,2,2,1,5,2,1,0,0,0,2,4,5
17031500300,4,5,1,3,0,5,2,2,0,0,1,0,0,3
17031510100,1,3,3,0,0,4,3,0,0,0,2,1,0,2
17031510200,1,4,0,0,0,5,0,2,0,0,0,0,0,1
17031510300,2,5,4,0,5,8,4,1,0,0,0,0,9,5
17031520100,4,2,3,1,1,5,3,0,0,0,0,2,0,2
17031520200,0,5,2,1,0,1,1,0,0,0,0,3,2,0
17031520300,2,5,1,0,2,5,4,2,0,0,3,3,4,0
17031520400,0,4,3,0,1,11,3,1,0,0,1,9,4,1
17031520500,0,3,2,0,1,0,1,1,1,0,0,0,0,1
17031520600,0,1,2,0,0,0,0,0,0,0,0,1,0,1
17031530100,0,9,3,0,0,0,2,0,0,0,0,0,1,2
17031530200,0,7,2,0,1,5,1,0,0,0,0,0,1,2
17031530300,1,7,3,0,1,0,2,1,0,0,0,0,2,3
17031530400,0,1,2,0,2,0,0,0,0,0,0,0,2,0
17031530501,0,14,2,0,0,0,0,0,0,0,1,0,0,2
17031530502,1,2,1,0,0,0,1,0,0,0,0,0,0,2
17031530503,0,2,2,1,0,1,0,0,0,0,0,0,1,3
17031530600,0,5,0,0,0,0,2,0,0,0,0,0,0,1
17031540101,0,7,7,1,0,0,0,0,1,0,0,3,0,2
17031540102,0,1,2,0,0,0,2,0,0,0,1,2,0,1
17031550100,2,12,4,0,3,12,3,2,1,0,6,4,5,2
17031550200,1,1,1,0,0,1,0,0,0,0,0,0,1,3
17031560100,0,1,0,0,0,1,1,0,0,1,0,0,0,1
17031560200,1,2,2,0,1,1,1,0,0,0,0,0,0,2
17031560300,2,4,3,0,0,2,1,0,0,0,0,0,1,2
17031560400,2,1,0,1,0,2,2,0,0,0,0,2,0,2
17031560700,1,2,3,0,2,4,2,0,0,0,1,2,3,1
17031560800,2,4,3,3,3,6,3,1,0,0,1,3,4,0
17031560900,2,1,2,1,1,11,1,1,0,1,2,0,1,2
17031561000,0,3,0,0,1,8,5,3,0,0,1,1,4,1
17031561100,0,2,3,1,1,0,1,0,0,0,0,0,0,0
17031570100,1,0,0,0,2,1,3,2,0,0,1,0,2,3
17031570200,1,2,3,0,1,5,3,0,0,0,0,5,11,2
17031570300,1,2,3,0,3,4,1,0,0,0,3,1,0,4
17031570400,3,2,2,0,0,1,1,0,0,1,0,0,0,1
17031570500,0,1,0,0,0,0,0,0,0,0,0,0,0,3
17031580100,1,2,3,0,0,3,4,1,0,0,0,1,3,6
17031580200,1,0,0,0,0,1,2,0,0,0,1,0,0,2
17031580300,0,0,1,0,0,0,1,0,0,0,0,0,0,2
17031580400,1,0,1,0,2,4,1,2,0,0,2,1,3,0
17031580501,1,3,3,0,2,1,2,0,0,0,0,1,0,2
17031580502,0,3,7,0,0,0,2,0,0,0,0,0,3,1
17031580600,0,3,2,0,0,3,2,0,0,0,0,0,4,3
17031580700,1,1,0,0,0,2,0,0,0,0,2,1,0,0
17031580800,0,0,1,0,1,1,1,0,0,0,0,0,1,0
17031590500,0,4,1,0,0,2,1,0,0,0,0,0,2,4
17031590600,0,1,4,0,1,0,1,0,0,0,0,0,0,1
17031590700,0,2,3,0,0,1,2,0,0,0,1,2,0,3
17031600400,1,2,2,0,0,4,3,0,0,0,0,1,0,4
17031600600,1,1,1,0,1,3,0,0,0,0,1,0,0,1
17031600700,0,1,0,0,0,1,1,0,0,0,1,0,1,0
17031600900,0,8,6,1,1,6,0,0,0,1,1,3,2,1
17031610300,1,2,1,0,2,9,3,0,0,0,1,0,10,5
17031610400,0,1,2,0,0,0,1,1,0,0,0,0,1,0
17031610800,1,0,0,0,0,1,0,0,0,0,1,0,0,0
17031611000,0,0,0,0,0,2,0,1,0,0,0,1,1,1
17031611100,0,1,0,0,0,0,0,0,0,0,0,0,0,1
17031611200,0,2,2,0,1,1,0,0,0,0,0,0,3,1
17031611300,0,4,2,0,1,1,1,1,0,0,0,0,0,0
17031611400,0,2,3,1,0,1,2,0,0,0,0,0,0,0
17031611500,0,2,4,0,0,2,1,0,0,0,0,0,0,4
17031611600,0,0,0,0,0,0,1,0,0,0,0,0,0,3
17031611700,0,0,2,0,0,0,1,0,0,0,0,0,0,1
17031611800,1,0,1,0,0,0,0,0,0,0,0,0,0,0
17031611900,1,0,3,1,0,1,0,2,0,0,0,0,0,2
17031612000,0,0,1,0,0,0,0,0,0,0,0,0,0,0
17031612100,0,2,1,0,0,0,0,0,0,0,0,0,0,0
17031620100,0,0,0,0,1,7,0,0,1,1,0,1,4,0
17031620200,2,0,0,0,2,5,5,1,0,0,0,0,3,3
17031620300,0,2,3,0,0,0,5,1,0,0,2,0,1,2
17031620400,0,1,2,0,2,2,1,1,0,0,0,1,0,1
17031630100,0,1,1,0,0,1,2,0,0,0,0,0,0,2
17031630200,0,3,1,0,0,1,3,0,0,0,1,2,1,1
17031630300,1,2,3,0,0,4,4,2,0,0,0,4,2,1
17031630400,0,0,0,0,0,0,3,0,0,0,0,0,1,3
17031630500,0,4,4,1,3,1,2,0,0,0,0,1,3,3
17031630800,0,1,1,0,1,7,1,0,1,0,0,0,3,2
17031630900,0,3,5,0,0,2,1,0,0,0,0,2,0,0
17031640100,0,1,0,1,1,6,1,0,0,0,1,0,2,1
17031640300,0,2,2,0,3,4,2,1,0,0,0,0,1,0
17031640400,0,0,1,0,0,0,2,0,0,0,0,1,1,0
17031640500,0,1,4,1,0,1,0,0,0,0,0,0,0,1
17031640600,2,3,1,0,1,1,1,1,0,0,1,0,3,0
17031640700,1,0,3,0,1,5,0,0,0,0,0,0,1,0
17031640800,0,0,0,1,0,5,1,0,0,0,0,0,1,0
17031650100,2,2,2,0,2,2,1,0,0,0,0,0,2,3
17031650200,1,3,2,2,0,2,2,1,0,0,0,1,1,1
17031650301,1,3,2,1,1,1,3,0,0,0,0,1,2,2
17031650302,0,1,1,0,1,2,1,1,0,0,0,0,1,2
17031650400,1,1,2,0,0,3,1,1,0,0,0,0,1,1
17031650500,1,1,2,1,0,11,2,1,0,1,0,1,14,3
17031660301,0,0,0,0,0,0,3,0,0,0,0,1,2,2
17031660302,2,6,0,0,0,2,3,0,0,0,0,1,3,1
17031660400,1,6,4,0,1,0,1,0,0,0,0,2,1,2
17031660500,0,2,2,0,2,2,3,0,0,0,0,0,0,4
17031660600,1,4,2,1,1,2,3,1,0,0,0,0,2,2
17031660700,2,3,2,0,0,2,0,0,0,0,0,0,1,0
17031660800,2,2,1,0,0,0,2,0,0,0,0,0,0,3
17031660900,1,6,6,2,0,0,0,1,0,0,0,0,0,4
17031661000,4,6,1,1,0,5,2,1,0,0,0,0,1,3
17031661100,0,1,0,0,0,0,1,0,0,0,0,0,0,2
17031670100,0,3,0,0,0,0,1,0,0,0,0,0,0,1
17031670200,0,1,0,0,0,0,1,0,0,0,0,0,0,2
17031670300,0,2,0,0,0,1,1,0,0,0,0,0,1,1
17031670400,0,0,1,0,0,0,1,0,0,0,0,0,0,0
17031670500,1,0,1,0,0,0,0,0,0,0,0,0,0,1
17031670600,0,6,1,0,0,0,0,0,0,0,0,0,0,0
17031670700,0,3,3,0,1,0,1,0,0,0,0,0,3,1
17031670800,0,5,2,0,0,0,1,0,0,0,0,0,2,1
17031670900,0,8,2,0,0,0,0,0,0,0,0,0,0,0
17031671100,0,3,1,0,0,0,0,0,0,0,0,1,0,2
17031671200,0,10,1,1,0,1,0,0,0,0,0,0,0,1
17031671300,0,6,1,0,0,0,0,0,0,0,0,0,0,0
17031671400,0,3,1,0,0,0,2,0,0,0,0,0,0,2
17031671500,0,5,3,0,2,2,3,0,0,0,0,0,3,3
17031671600,0,9,0,0,0,0,1,0,0,0,0,0,0,1
17031671800,0,6,0,0,0,0,0,0,0,0,0,0,0,0
17031671900,1,4,0,0,0,1,1,0,0,0,0,0,1,2
17031672000,0,6,3,0,0,0,0,0,0,0,0,0,1,2
17031680500,0,4,0,0,0,0,0,0,0,0,0,0,0,1
17031680600,0,8,0,0,0,1,0,0,0,0,0,1,1,2
17031680900,1,8,5,2,1,2,3,4,0,0,0,1,2,4
17031681000,0,6,1,0,3,1,1,0,0,0,0,0,2,2
17031681100,0,16,3,0,0,1,1,1,0,0,0,0,0,3
17031681200,0,9,3,0,0,1,0,2,0,0,0,0,0,1
17031681300,0,3,0,0,0,0,0,0,0,0,0,0,0,1
17031681400,0,6,2,0,0,0,2,0,0,0,0,0,2,1
17031690300,0,2,0,0,0,2,0,0,0,0,0,0,0,2
17031690400,0,7,5,0,0,0,3,0,0,0,0,0,1,3
17031690500,1,3,1,0,0,0,0,0,0,0,0,1,0,1
17031690900,0,7,1,0,0,0,1,0,0,0,0,1,0,0
17031691000,0,9,2,2,0,4,8,0,0,0,0,0,1,5
17031691100,0,5,1,1,2,1,3,0,0,0,0,0,0,1
17031691200,0,7,1,0,0,4,1,0,0,0,0,0,2,3
17031691300,1,2,1,0,1,3,4,1,0,0,1,0,0,5
17031691400,0,4,3,0,0,3,1,0,1,0,3,2,2,3
17031691500,0,9,2,0,4,1,1,0,0,2,1,1,1,2
17031700100,2,1,3,0,1,3,2,0,0,0,0,2,1,4
17031700200,1,2,0,0,3,1,0,0,0,1,0,0,2,0
17031700301,1,1,3,0,0,5,1,0,1,0,0,0,6,3
17031700302,0,4,2,0,1,1,1,1,0,1,0,1,1,3
17031700401,2,4,6,0,0,0,4,0,0,0,1,1,0,6
17031700402,1,3,1,0,1,9,1,0,0,0,0,0,2,1
17031700501,1,7,2,0,0,3,1,1,2,0,0,0,1,2
17031700502,0,2,1,0,0,0,0,1,12,0,0,0,0,2
17031710100,0,2,0,0,0,0,1,1,0,0,0,0,0,1
17031710200,0,5,2,1,0,1,1,0,0,0,0,0,0,1
17031710300,0,8,2,0,0,1,1,0,0,0,0,0,0,0
17031710400,0,9,3,0,0,3,0,0,0,0,0,0,2,2
17031710500,0,6,4,0,0,1,6,0,0,0,0,0,1,4
17031710600,0,1,1,0,0,0,0,0,0,0,0,0,1,0
17031710700,0,11,2,1,0,1,1,1,0,0,0,0,1,1
17031710800,0,9,2,0,1,2,1,0,0,0,0,0,3,1
17031710900,0,2,1,0,0,1,1,0,0,0,0,0,0,3
17031711000,0,5,2,0,0,1,1,0,0,0,0,0,0,3
17031711100,0,5,2,0,0,1,2,0,0,0,0,1,1,3
17031711200,0,4,5,0,0,1,1,0,0,0,0,0,0,5
17031711300,0,3,1,0,1,2,0,0,0,0,0,0,0,1
17031711400,1,4,3,0,0,0,2,0,0,0,0,3,1,2
17031711500,0,1,1,0,0,0,0,0,0,0,0,0,0,0
17031720100,1,5,3,0,3,5,1,1,3,0,0,0,4,2
17031720200,0,6,2,2,0,6,0,2,0,0,0,0,0,1
17031720300,1,0,2,1,0,2,1,1,0,0,0,0,2,1
17031720400,1,1,1,0,0,3,1,0,0,0,0,0,0,1
17031720500,0,2,0,0,0,1,2,0,0,0,3,0,0,1
17031720600,0,2,0,1,0,3,0,1,0,0,0,1,0,1
17031720700,0,1,1,1,1,2,0,0,0,0,0,2,0,1
17031730100,0,3,1,0,0,0,0,0,0,0,0,0,0,1
17031730201,0,4,1,0,1,0,0,0,0,1,0,0,2,2
17031730202,0,3,2,0,0,0,0,1,0,1,0,0,0,1
17031730300,0,2,1,0,0,0,2,0,0,0,1,0,1,1
17031730400,1,2,5,0,0,5,1,1,0,0,0,0,1,3
17031730500,0,7,4,0,0,1,1,0,0,0,0,0,1,3
17031730600,0,8,2,0,0,1,1,1,0,1,0,1,0,3
17031730700,0,2,3,1,3,2,2,1,0,0,0,1,1,3
17031740100,1,1,1,0,2,4,2,0,0,0,0,0,4,0
17031740200,0,3,5,0,1,3,1,1,0,0,1,1,2,3
17031740300,0,4,3,0,0,3,1,2,0,0,0,1,1,2
17031740400,2,2,3,0,1,0,1,1,0,0,0,1,0,3
17031750100,1,4,3,2,0,3,2,1,0,0,0,0,0,3
17031750200,0,5,3,0,1,4,0,0,0,0,0,0,0,1
17031750300,2,1,0,0,0,3,3,0,0,0,2,0,1,1
17031750400,0,2,2,1,1,1,0,0,0,0,0,0,1,1
17031750500,0,11,4,0,2,5,4,2,1,0,2,1,13,3
17031750600,1,6,2,0,0,1,0,1,0,0,0,0,0,4
17031760801,0,1,0,1,1,1,0,0,0,2,0,0,0,1
17031760802,0,4,1,1,1,1,2,0,7,0,0,1,0,2
17031760803,0,1,1,0,1,1,1,0,1,0,0,0,0,1
17031770602,0,0,0,0,1,0,0,0,0,0,0,1,0,0
17031770902,0,0,1,0,0,0,0,0,0,0,0,0,0,0
17031810400,0,1,2,0,0,2,0,0,0,2,1,0,0,0
17031830500,1,2,6,5,0,0,1,0,0,0,0,0,0,3
17031830600,1,3,3,2,0,11,6,3,0,0,5,7,8,6
17031830700,0,3,3,1,8,27,5,2,0,0,3,3,6,3
17031830800,0,4,4,0,3,13,4,0,0,0,4,2,2,2
17031830900,4,2,2,2,0,21,5,7,2,1,2,5,23,11
17031831000,0,6,2,1,2,5,4,0,2,2,3,1,7,1
17031831100,3,1,4,1,7,10,12,3,0,0,8,6,12,6
17031831200,0,2,2,0,0,3,2,1,0,0,0,2,4,1
17031831300,0,0,0,1,0,0,3,1,0,0,0,0,2,2
17031831400,2,5,3,0,0,3,3,2,0,0,0,1,3,5
17031831500,0,4,3,1,2,13,6,2,2,0,0,3,21,0
17031831600,9,4,3,0,2,4,6,2,0,0,3,3,4,3
17031831700,3,2,1,1,2,3,2,0,0,0,0,4,7,2
17031831800,3,4,10,2,0,14,2,0,0,0,1,1,2,6
17031831900,1,4,2,5,1,11,2,2,0,0,4,1,5,3
17031832000,1,1,0,3,2,20,2,0,0,1,9,1,4,1
17031832100,1,3,2,1,1,13,7,3,1,0,1,8,5,3
17031832200,1,2,1,0,0,10,3,0,0,0,7,1,3,3
17031832300,3,2,2,1,1,8,5,0,0,0,5,5,6,4
17031832400,1,1,2,1,0,13,3,0,0,0,2,1,1,0
17031832500,4,3,6,2,2,26,4,9,3,0,7,16,22,2
17031832600,1,3,2,3,3,29,5,7,1,0,4,20,30,2
17031832900,0,4,2,2,0,0,0,1,1,1,1,0,0,2
17031833000,0,8,6,8,8,139,13,13,1,4,25,19,37,19
17031833100,2,6,12,7,1,30,8,10,1,2,6,24,12,9
17031833300,0,2,2,3,1,22,2,0,0,0,1,2,1,1
17031833900,0,14,5,2,0,4,6,1,0,0,0,2,3,1
17031834000,0,4,1,0,0,0,0,1,0,0,0,0,1,3
17031834200,1,4,3,0,2,2,2,1,0,0,0,1,4,3
17031834300,0,5,4,1,2,4,6,0,0,0,0,0,1,5
17031834400,0,5,3,0,0,1,0,1,0,0,0,0,0,1
17031834500,0,8,0,1,0,2,1,0,0,0,0,0,0,0
17031834600,0,5,4,1,0,1,3,0,0,0,0,1,0,5
17031834700,1,5,3,1,0,0,2,1,0,0,0,0,0,4
17031834800,0,5,1,0,1,3,2,2,0,0,0,0,3,1
17031834900,0,10,1,1,0,0,1,0,0,0,0,0,0,0
17031835000,1,3,3,0,2,5,3,0,0,0,0,1,1,3
17031835100,4,2,3,0,0,2,3,0,0,0,0,1,0,2
17031835200,4,2,0,0,1,3,0,1,0,1,2,1,5,8
17031835500,1,2,2,1,0,4,3,0,0,0,0,0,0,5
17031835600,0,1,0,0,1,3,2,1,0,0,0,0,8,3
17031835700,0,1,1,0,0,0,1,0,0,0,0,0,0,1
17031835800,0,1,0,3,0,0,0,0,1,0,0,0,3,0
17031835900,0,8,5,0,0,1,0,0,0,1,0,1,1,2
17031836000,0,4,4,2,0,2,0,0,0,0,0,1,0,0
17031836100,1,8,5,4,0,5,2,0,0,0,0,0,0,2
17031836200,0,10,7,7,7,22,1,3,0,0,0,0,1,6
17031836300,0,0,0,0,0,0,0,0,0,0,0,1,0,0
17031836400,0,3,2,5,0,0,0,1,0,0,1,0,1,0
17031836500,0,0,2,0,0,0,0,1,0,0,0,0,0,0
17031836600,1,7,0,0,3,8,2,1,0,0,0,2,13,1
17031836700,0,3,5,1,0,2,2,0,0,0,3,0,1,3
17031836800,0,18,1,8,0,4,1,1,0,0,1,1,2,3
17031836900,0,2,1,0,0,0,1,0,0,0,0,0,1,1
17031837000,1,9,1,0,1,2,1,0,0,0,0,0,1,2
17031837100,0,4,6,3,0,1,1,0,0,0,0,0,4,3
17031837300,0,5,2,0,0,0,1,1,0,0,0,0,0,2
17031837400,0,6,2,0,0,0,0,0,0,0,1,0,0,1
17031837800,2,5,4,2,3,7,5,2,0,0,0,1,1,5
17031838000,0,1,5,0,0,1,0,1,0,0,0,0,0,0
17031838100,1,8,4,4,0,8,1,6,0,1,3,0,1,6
17031838200,0,15,9,2,0,25,2,12,0,3,0,1,1,4
17031838300,0,6,2,0,0,8,1,1,0,0,0,0,1,2
17031838600,0,4,1,0,0,0,0,0,0,0,0,0,1,1
17031838700,0,10,5,1,0,2,2,1,0,0,0,0,1,4
17031838800,2,6,1,2,0,3,3,0,1,0,0,0,0,4
17031839000,0,2,4,5,1,19,7,3,0,0,4,7,11,5
17031839100,0,13,5,88,38,210,20,10,1,24,26,18,35,32
17031839200,2,5,5,1,0,0,0,1,0,0,0,0,0,1
17031839500,0,3,2,0,0,4,1,1,0,0,0,0,1,3
17031839600,0,3,3,0,1,1,1,0,0,0,0,0,1,1
17031839700,0,1,1,2,2,9,2,1,0,1,1,1,7,1
17031839800,0,2,1,0,1,9,2,1,1,0,0,1,4,1
17031839900,0,2,2,3,3,8,1,1,0,0,2,2,3,5
17031840000,0,0,0,0,0,3,1,0,0,0,1,0,1,2
17031840100,0,1,4,0,0,1,1,0,0,0,0,0,0,1
17031840200,2,3,1,0,1,5,1,0,0,0,1,1,3,3
17031840300,1,3,1,0,1,7,3,2,0,0,0,0,0,3
17031840400,2,3,0,1,2,8,3,3,0,0,1,0,13,2
17031840700,1,3,4,1,4,3,3,2,0,0,0,0,3,1
17031840800,0,0,2,0,2,3,5,2,0,0,0,0,0,2
17031841000,1,1,2,6,2,9,1,3,0,2,3,2,0,5
17031841100,0,10,5,18,8,71,18,3,0,2,3,7,14,5
17031841200,2,2,3,0,2,8,2,2,2,0,0,0,4,2
17031841300,2,6,6,0,2,11,4,0,0,0,0,3,3,4
17031841400,0,9,2,1,0,0,0,0,0,0,0,0,0,1
17031841500,0,14,4,0,0,1,0,0,0,0,0,0,0,1
17031841600,0,6,0,1,0,0,0,0,0,0,0,0,0,0
17031841700,0,1,1,1,0,0,2,0,0,0,0,0,0,2
17031841800,0,11,4,2,0,1,1,1,0,0,1,0,1,3
17031841900,1,16,6,16,8,45,9,7,1,1,4,13,33,21
17031842000,0,3,5,3,1,6,2,2,0,0,1,1,2,9
17031842100,0,4,6,0,0,1,2,0,0,0,0,0,0,3
17031842200,4,3,2,4,3,23,10,4,3,0,5,6,22,15
17031842300,7,5,5,7,0,17,6,2,1,0,8,3,11,7
17031842400,2,4,4,0,5,12,4,1,1,0,0,3,19,2
17031842500,0,3,1,0,0,0,2,0,0,0,0,0,0,3
17031842600,4,5,3,2,2,6,8,5,0,0,3,6,7,4
17031842800,1,2,4,0,1,7,3,5,0,0,1,0,4,5
17031842900,1,9,6,1,5,6,5,3,0,0,0,2,6,10
17031843000,1,10,2,0,1,6,4,1,1,0,0,0,2,5
17031843100,0,6,4,1,0,0,0,0,0,0,0,0,0,2
17031843200,1,3,2,2,0,6,11,1,0,0,1,2,8,6
17031843300,0,8,2,31,1,2,0,4,0,0,0,0,0,3
17031843400,1,5,0,0,0,1,2,0,0,0,0,1,1,3
17031843500,1,8,0,1,1,6,1,5,0,0,0,0,4,5
17031843600,0,1,0,2,2,7,0,2,0,0,0,3,6,2
17031843700,1,3,6,5,1,11,3,5,1,0,2,3,10,5
17031843800,0,5,2,0,0,2,1,0,0,0,0,0,0,2
17031843900,0,4,1,3,1,1,2,1,1,0,0,1,0,7
17031980000,1,48,0,4,24,102,27,4,0,1,20,40,55,22
17031980100,1,11,0,1,8,29,4,0,1,0,2,1,11,3
