h3_index,poi_cat_automotive,poi_cat_civic_community,poi_cat_education,poi_cat_entertainment,poi_cat_finance,poi_cat_food_drink,poi_cat_grocery,poi_cat_health,poi_cat_leisure_sports,poi_cat_lodging,poi_cat_nightlife,poi_cat_services,poi_cat_shopping,poi_cat_transport
8826641917fffff,0,3,2,0,0,0,0,0,0,0,2,0,0,1
882664191dfffff,0,1,0,0,0,0,0,0,0,0,0,0,0,0
8826641927fffff,0,1,0,1,0,0,0,0,0,0,0,0,0,0
8826641931fffff,0,1,0,0,0,0,0,0,0,0,0,0,0,0
8826641939fffff,0,0,1,0,0,0,0,0,0,0,0,0,0,1
882664193bfffff,1,3,2,0,2,6,2,1,0,0,2,3,2,1
8826641943fffff,0,1,2,0,1,0,1,0,1,0,0,1,0,1
8826641945fffff,0,0,0,0,0,1,0,0,0,0,0,0,0,0
8826641949fffff,2,6,3,0,3,11,4,3,0,0,3,8,6,0
882664194bfffff,0,3,2,0,0,0,2,1,0,0,0,0,0,0
8826641955fffff,0,1,0,0,1,4,1,1,0,0,0,1,3,1
882664195dfffff,0,1,0,0,0,0,0,0,1,0,0,0,0,1
8826641963fffff,0,1,0,1,0,0,0,0,1,0,0,0,0,1
8826641969fffff,0,0,1,0,0,0,0,0,0,0,0,0,0,0
882664196bfffff,0,0,0,0,0,0,0,0,0,0,0,0,0,1
88266419e1fffff,0,0,0,0,0,1,0,0,0,0,0,0,0,0
88266419edfffff,2,4,0,0,0,2,0,0,0,0,2,0,1,1
8826641b21fffff,2,5,2,1,0,2,2,0,0,0,0,0,0,0
8826641b23fffff,0,3,2,0,1,2,2,0,0,0,0,5,2,2
8826641b25fffff,1,1,1,0,0,2,2,0,0,0,2,1,0,0
8826641b29fffff,0,1,0,0,0,0,0,0,0,0,0,0,0,0
8826641b2dfffff,1,1,1,1,0,2,0,0,0,0,0,0,0,0
8826641b35fffff,1,1,1,0,0,6,1,0,0,0,1,4,2,1
8826641b61fffff,0,0,0,1,0,0,0,0,0,0,0,0,0,1
8826641b65fffff,0,1,0,0,0,0,0,0,0,0,0,0,0,0
8826645201fffff,0,0,2,3,3,3,1,0,0,0,0,0,1,0
8826645203fffff,0,1,1,0,0,0,0,0,0,0,0,0,0,0
8826645205fffff,0,1,2,0,0,0,0,0,0,0,0,0,0,0
8826645207fffff,1,2,2,1,1,4,3,2,0,0,1,0,2,1
882664520bfffff,2,5,1,0,1,4,2,1,0,0,1,4,5,0
8826645211fffff,1,1,1,0,2,2,1,0,0,0,0,0,0,0
8826645213fffff,0,0,2,0,0,0,0,0,0,0,0,0,0,0
8826645215fffff,1,2,1,0,1,1,1,1,0,0,0,0,0,0
8826645217fffff,0,3,1,0,0,0,0,0,0,0,1,0,2,0
8826645219fffff,0,0,0,0,0,3,0,0,0,0,0,0,1,0
882664521bfffff,1,1,0,0,0,5,0,0,0,0,0,0,2,1
8826645223fffff,0,1,0,0,0,1,1,0,0,0,0,1,1,0
8826645229fffff,1,0,0,0,0,0,0,0,0,0,0,0,0,0
882664522bfffff,0,1,0,1,1,14,3,2,0,1,2,1,2,2
8826645231fffff,0,0,2,1,0,1,1,0,0,0,0,0,1,1
8826645235fffff,0,1,2,0,0,0,0,0,0,0,0,0,0,0
8826645239fffff,0,0,1,0,0,0,1,0,0,0,0,0,0,0
882664523bfffff,0,0,0,0,2,2,1,1,0,0,0,0,2,0
882664523dfffff,0,0,1,0,0,0,0,0,0,0,0,0,0,0
8826645251fffff,1,2,1,0,0,0,0,1,0,1,1,0,1,1
8826645253fffff,0,3,0,0,1,0,0,0,0,0,0,0,0,0
8826645255fffff,0,0,1,0,0,0,0,0,0,0,0,0,0,0
8826645257fffff,1,2,2,0,2,3,2,0,0,0,1,2,1,9
8826645259fffff,5,1,1,1,1,5,4,0,0,1,0,2,0,5
882664525bfffff,3,2,1,0,1,4,1,0,0,0,1,0,5,3
882664525dfffff,0,3,2,0,0,0,0,0,0,0,0,0,0,0
8826645281fffff,1,0,0,0,0,0,0,0,0,0,0,0,2,2
8826645283fffff,0,1,1,0,1,0,1,1,0,1,0,0,0,0
8826645289fffff,1,0,0,0,2,8,0,0,1,1,0,0,5,0
882664528bfffff,0,1,1,0,0,0,0,0,0,0,0,0,0,1
8826645299fffff,0,0,0,0,0,2,0,0,0,0,0,0,0,0
882664529dfffff,0,3,1,0,0,0,0,0,0,0,0,0,0,1
88266452c3fffff,0,0,0,1,0,1,1,0,0,0,0,0,4,0
88266452c7fffff,0,0,0,0,0,4,0,0,0,1,0,0,6,0
88266452c9fffff,1,0,0,0,0,0,1,0,0,0,0,2,0,1
88266452cbfffff,0,1,0,0,0,2,1,2,0,0,0,0,4,1
88266452cdfffff,0,0,1,0,0,6,0,0,0,0,0,0,0,0
88266452d1fffff,0,1,2,0,0,0,1,0,0,0,0,1,1,2
88266452d3fffff,0,5,2,0,0,0,0,0,0,0,0,0,0,1
88266452d5fffff,0,0,2,0,1,0,0,0,0,0,0,0,0,0
88266452d7fffff,1,0,0,0,0,3,2,0,0,0,0,1,1,3
88266452d9fffff,0,0,2,0,0,0,0,0,0,0,0,0,0,0
88266452dbfffff,2,2,2,0,0,1,1,0,0,0,1,0,0,2
88266452ddfffff,0,1,1,0,0,0,0,0,0,0,0,0,0,1
8826645601fffff,0,3,1,0,0,0,0,0,0,0,0,0,0,1
8826645603fffff,0,7,0,0,0,1,0,0,0,0,0,0,0,0
8826645605fffff,2,1,0,0,0,6,3,2,0,0,0,0,3,3
8826645607fffff,0,11,4,0,3,0,0,0,0,0,0,0,2,1
8826645609fffff,1,10,1,0,1,3,2,3,0,0,0,1,1,3
882664560bfffff,0,13,5,0,0,0,1,1,0,0,0,0,2,3
882664560dfffff,1,3,2,2,2,1,1,0,0,0,0,0,0,2
8826645613fffff,0,0,1,0,0,0,2,0,0,0,0,1,0,1
8826645615fffff,0,2,1,0,0,0,2,0,0,0,0,0,0,1
8826645617fffff,0,1,0,0,0,0,0,0,0,0,0,0,0,1
8826645619fffff,0,0,0,0,0,0,0,0,0,0,1,0,0,0
882664561dfffff,0,2,1,0,0,0,0,0,0,0,0,0,0,0
8826645621fffff,0,1,1,0,2,5,1,1,1,0,0,0,10,0
8826645625fffff,0,2,0,0,0,0,0,0,0,0,2,0,0,0
8826645629fffff,0,4,1,0,0,0,0,0,0,0,0,0,0,3
882664562bfffff,0,5,1,0,0,0,0,0,0,0,0,0,0,0
882664562dfffff,0,2,1,0,0,0,1,0,0,0,0,1,1,2
8826645631fffff,0,2,1,0,0,1,0,0,0,0,0,0,1,0
8826645633fffff,0,0,0,1,0,0,0,0,0,0,0,0,0,0
8826645639fffff,0,2,2,0,0,0,0,0,0,0,0,0,0,2
882664563bfffff,1,2,0,0,0,0,1,0,0,0,0,0,0,2
882664563dfffff,0,0,1,0,0,0,0,0,0,0,1,0,0,1
8826645641fffff,0,11,1,0,0,2,1,1,0,1,0,0,0,2
8826645643fffff,0,14,4,0,1,1,0,0,0,0,0,0,1,0
8826645645fffff,0,8,0,0,0,0,1,0,0,0,0,0,1,0
8826645647fffff,0,2,3,0,0,0,0,0,0,0,0,0,0,0
8826645649fffff,1,2,1,0,1,5,1,0,0,0,0,0,5,2
882664564bfffff,0,3,2,0,0,1,1,0,0,0,0,0,0,2
882664564dfffff,0,0,1,0,0,0,0,0,0,0,0,0,0,0
8826645651fffff,2,5,1,1,0,2,1,1,0,0,1,0,0,0
8826645655fffff,2,8,2,4,0,0,0,0,0,0,0,1,0,2
8826645657fffff,0,2,0,0,0,2,2,1,0,0,0,0,0,0
8826645659fffff,0,0,0,0,1,5,1,1,0,0,0,0,4,3
882664565dfffff,0,2,0,2,0,1,1,0,0,0,0,0,0,1
8826645661fffff,0,2,1,0,0,0,0,0,0,0,0,1,0,2
8826645663fffff,0,3,3,2,0,1,0,0,0,0,0,0,0,2
8826645665fffff,0,0,0,0,0,2,0,0,0,0,0,1,0,1
8826645667fffff,0,4,2,0,0,1,1,0,0,0,0,0,0,1
8826645669fffff,0,5,1,0,3,4,1,0,0,0,0,0,3,3
882664566bfffff,1,4,2,1,1,0,3,2,0,0,0,0,0,2
882664566dfffff,0,4,2,0,1,0,0,0,0,0,0,1,0,1
88266456c1fffff,0,0,0,1,0,0,0,0,0,0,0,0,0,0
88266456c5fffff,0,6,3,0,0,0,0,0,0,0,0,1,0,0
88266456c9fffff,0,0,1,0,0,0,0,0,0,0,0,0,0,0
88266456cbfffff,0,0,0,0,0,0,0,0,1,0,0,0,0,0
88266456cdfffff,0,2,2,0,0,0,0,0,0,0,0,2,0,1
88266456e3fffff,0,0,0,0,0,0,0,0,0,0,0,1,0,0
88266456e9fffff,0,0,1,0,0,0,0,0,0,0,0,0,0,1
88266456ebfffff,0,0,1,0,0,0,0,0,0,0,0,0,0,0
8826645701fffff,0,2,0,0,1,0,1,0,0,0,0,0,0,2
8826645703fffff,0,1,0,0,0,0,1,0,0,0,0,0,0,0
8826645705fffff,0,0,0,0,0,1,0,0,0,0,0,1,0,1
8826645707fffff,1,0,1,0,0,0,0,0,0,0,0,0,0,1
8826645709fffff,0,1,1,0,0,0,0,0,0,0,0,0,0,0
882664570bfffff,0,2,3,0,2,2,1,3,0,0,0,1,4,1
882664570dfffff,0,1,0,0,0,0,0,0,0,0,1,0,1,0
8826645719fffff,0,1,1,0,0,1,0,0,0,0,0,0,0,0
882664571bfffff,0,0,0,0,1,0,0,1,0,0,0,0,2,1
882664571dfffff,1,0,0,0,0,0,0,0,0,0,0,0,0,0
882664572bfffff,0,0,1,0,0,0,0,0,0,0,0,0,0,0
8826645743fffff,1,1,0,0,0,5,2,0,0,0,0,0,2,1
8826645745fffff,0,1,4,0,0,0,0,0,0,0,0,0,0,0
8826645747fffff,0,1,1,0,0,0,0,0,0,0,0,0,0,0
882664574bfffff,0,0,1,0,0,0,0,0,0,0,0,0,0,0
8826645751fffff,2,2,1,0,1,6,2,0,0,0,2,0,0,0
8826645753fffff,0,5,2,1,1,0,1,0,0,0,0,0,1,1
8826645755fffff,0,0,1,0,0,0,0,0,0,0,0,0,0,0
8826645757fffff,0,0,1,0,0,0,1,0,0,0,0,0,1,1
8826645759fffff,0,2,0,2,0,3,0,0,0,0,1,1,0,1
882664575bfffff,0,6,2,0,0,0,1,0,0,0,0,0,0,0
882664575dfffff,0,3,0,0,0,0,0,0,0,0,1,0,0,0
882664576bfffff,0,0,1,0,1,2,0,1,0,0,0,1,0,2
882664c101fffff,0,6,2,10,1,19,6,7,2,1,6,5,5,5
882664c103fffff,0,6,1,56,1,11,1,1,1,0,0,2,2,5
882664c105fffff,0,4,4,3,3,48,7,9,0,1,13,7,19,5
882664c107fffff,0,5,5,9,4,73,8,3,1,0,18,7,7,3
882664c109fffff,0,0,0,2,0,0,0,0,1,0,0,0,0,1
882664c10bfffff,0,0,0,4,0,0,0,0,0,0,0,0,0,0
882664c10dfffff,0,7,3,4,3,51,5,6,0,0,12,13,17,5
882664c115fffff,0,0,2,27,0,3,1,0,5,1,2,0,0,1
882664c117fffff,0,1,1,6,0,0,0,0,0,0,0,0,0,2
882664c121fffff,2,1,6,1,3,19,1,4,2,0,6,11,14,5
882664c123fffff,3,2,4,2,2,14,4,8,2,0,4,8,17,1
882664c125fffff,3,1,0,2,2,8,5,5,0,1,0,7,17,7
882664c127fffff,1,1,1,0,2,10,3,0,1,0,7,2,10,3
882664c129fffff,1,2,5,1,0,23,2,2,0,0,12,2,8,5
882664c12bfffff,2,3,8,9,1,20,4,1,0,0,8,8,3,5
882664c12dfffff,0,3,2,0,2,14,5,2,0,0,2,4,2,4
882664c131fffff,2,2,2,3,3,20,3,9,1,0,6,12,24,8
882664c133fffff,0,8,2,0,0,4,2,2,0,0,0,1,4,5
882664c135fffff,4,0,0,3,0,17,7,4,3,0,2,8,27,4
882664c137fffff,4,0,0,6,0,10,5,1,1,0,2,2,7,4
882664c139fffff,0,5,0,8,2,15,2,0,2,0,4,3,0,3
882664c13bfffff,0,5,5,5,5,39,11,5,0,1,11,18,13,9
882664c13dfffff,0,5,4,1,6,41,4,4,0,1,10,10,8,4
882664c145fffff,0,0,2,1,0,3,0,0,1,0,0,0,1,0
882664c147fffff,0,1,0,0,0,0,0,0,1,0,0,0,0,0
882664c14dfffff,0,2,0,2,0,0,0,0,0,0,0,0,0,0
882664c161fffff,1,7,1,14,3,50,2,1,1,2,26,4,11,3
882664c163fffff,1,5,1,8,2,56,7,4,0,1,17,6,16,3
882664c165fffff,2,7,6,1,1,11,3,5,0,0,5,6,6,4
882664c167fffff,1,2,3,8,2,27,3,4,1,0,8,4,14,6
882664c169fffff,2,7,4,2,2,23,12,11,1,0,4,18,11,4
882664c16bfffff,1,8,4,18,4,24,10,7,0,2,19,19,10,8
882664c16dfffff,1,1,3,1,0,4,3,0,0,0,3,1,0,5
882664c185fffff,0,0,0,19,0,3,0,0,3,0,0,1,1,4
882664c187fffff,0,0,0,1,0,1,0,0,0,0,0,1,0,1
882664c18dfffff,0,4,0,9,0,4,0,0,10,0,0,2,1,9
882664c1a1fffff,0,4,2,43,8,51,8,2,0,6,6,5,3,12
882664c1a3fffff,1,2,3,5,2,22,6,5,0,3,0,10,12,4
882664c1a5fffff,0,8,5,8,1,38,5,5,0,2,3,13,3,10
882664c1a7fffff,1,4,1,4,7,22,6,7,1,0,1,4,31,8
882664c1a9fffff,0,17,10,44,28,175,17,15,1,19,17,11,70,16
882664c1abfffff,0,4,6,59,4,47,5,2,0,7,7,11,7,8
882664c1adfffff,2,3,6,9,16,131,10,5,0,4,12,19,15,27
882664c1b1fffff,0,2,0,3,0,0,0,0,0,0,1,2,0,3
882664c1b3fffff,0,0,0,4,0,2,0,0,0,0,0,0,0,0
882664c1b5fffff,4,5,4,4,2,14,2,7,0,0,6,5,2,3
882664c1b7fffff,1,2,3,10,2,16,3,2,0,4,4,3,1,8
882664c1b9fffff,0,0,0,9,0,0,0,0,0,0,0,0,0,1
882664c1bbfffff,0,0,0,2,0,0,0,0,0,0,0,0,0,0
882664c1bdfffff,0,5,1,20,1,16,1,0,0,1,0,5,2,5
882664c1c7fffff,0,4,0,29,0,9,2,0,0,1,12,8,2,12
882664c1e1fffff,6,10,6,11,10,169,13,12,4,39,22,15,79,12
882664c1e3fffff,0,4,5,23,5,84,10,11,4,23,21,9,20,24
882664c1e5fffff,1,5,2,7,2,52,5,5,0,0,11,10,8,9
882664c1e7fffff,1,5,1,16,10,151,11,4,1,17,48,10,22,14
882664c1e9fffff,0,0,0,1,1,15,1,1,0,8,4,3,28,2
882664c1ebfffff,0,4,4,9,4,29,4,3,1,3,4,3,3,5
882664c1edfffff,7,9,6,2,5,51,7,11,0,7,12,2,50,5
882664c327fffff,0,1,0,0,0,0,0,0,0,0,0,0,0,0
882664c801fffff,0,15,6,0,0,0,2,0,0,0,0,0,2,2
882664c803fffff,0,6,5,0,0,0,0,1,0,0,0,0,1,2
882664c805fffff,0,8,0,1,0,2,0,0,0,0,0,0,1,2
882664c807fffff,0,7,0,0,0,2,0,0,0,0,0,0,0,1
882664c809fffff,0,7,1,0,0,0,2,0,0,0,0,0,2,3
882664c80bfffff,0,13,0,0,0,5,2,0,0,0,0,0,1,2
882664c80dfffff,0,8,1,0,0,1,2,0,0,0,0,0,3,3
882664c811fffff,1,11,0,0,0,1,3,0,0,0,0,1,1,5
882664c813fffff,1,3,0,0,0,0,2,0,0,0,0,0,0,2
882664c815fffff,0,11,5,0,1,3,2,1,0,0,0,2,2,4
882664c817fffff,0,4,2,0,0,0,0,0,0,0,0,0,0,1
882664c819fffff,0,7,1,0,0,0,1,0,0,0,1,0,0,2
882664c81bfffff,0,6,1,1,0,0,1,0,0,0,0,0,2,2
882664c81dfffff,0,5,1,0,0,0,0,0,0,0,0,0,0,1
882664c831fffff,0,1,0,0,0,0,0,0,0,0,0,0,0,1
882664c833fffff,1,1,1,0,0,3,1,1,0,0,0,1,3,2
882664c839fffff,1,5,5,0,0,1,1,0,0,0,2,1,1,1
882664c83bfffff,0,7,2,0,0,0,0,1,0,0,0,0,0,2
882664c83dfffff,0,0,0,0,0,2,0,0,0,0,0,0,0,2
882664c841fffff,0,2,0,0,0,2,1,0,0,0,0,1,1,3
882664c843fffff,2,2,1,0,2,5,2,1,1,0,0,1,6,4
882664c845fffff,0,2,0,1,0,0,1,0,0,0,1,0,0,3
882664c847fffff,0,3,4,0,0,5,1,1,0,0,0,0,3,1
882664c849fffff,3,2,1,0,1,3,2,1,0,0,0,0,2,3
882664c84bfffff,0,2,0,1,1,3,5,1,0,0,0,2,6,2
882664c84dfffff,0,2,7,0,1,4,0,2,0,0,0,0,2,1
882664c851fffff,0,3,3,0,0,1,0,0,0,0,0,0,0,1
882664c853fffff,0,0,1,0,0,0,0,0,0,0,0,0,0,0
882664c855fffff,1,7,2,1,0,0,3,1,0,0,0,1,0,5
882664c857fffff,1,6,2,1,0,0,1,0,0,0,0,0,0,1
882664c859fffff,0,3,4,0,1,2,2,0,0,0,0,1,3,4
882664c85bfffff,1,6,3,0,2,2,4,0,0,0,0,0,2,4
882664c85dfffff,0,0,0,0,0,1,2,1,0,0,0,2,1,0
882664c861fffff,0,3,2,0,1,4,0,0,0,0,0,1,1,1
882664c865fffff,0,1,1,0,2,3,1,0,0,0,0,0,0,1
882664c869fffff,0,0,1,0,0,0,2,0,0,0,0,0,0,1
882664c86bfffff,1,2,0,0,0,1,0,0,0,0,0,0,2,3
882664c86dfffff,0,1,1,0,0,0,0,1,0,0,0,1,0,0
882664c881fffff,0,4,4,1,0,1,2,0,0,0,1,1,1,2
882664c883fffff,0,3,0,0,0,1,1,0,0,0,0,0,0,3
882664c887fffff,1,0,5,0,0,0,0,0,0,0,0,0,0,0
882664c889fffff,2,5,1,0,3,5,2,3,0,0,0,1,5,2
882664c88bfffff,0,5,5,1,1,3,5,0,0,0,0,0,1,3
882664c88dfffff,0,1,0,0,0,0,1,0,0,0,0,1,0,1
882664c891fffff,0,0,1,0,0,0,0,0,0,0,0,0,0,0
882664c893fffff,0,0,1,0,1,0,4,0,0,0,0,1,1,2
882664c897fffff,0,0,0,0,0,1,0,0,0,0,0,0,0,0
882664c899fffff,1,0,1,0,0,0,1,0,0,0,0,0,1,2
882664c89bfffff,0,2,1,0,0,1,1,0,0,0,0,0,0,1
882664c8b7fffff,0,2,1,0,0,0,0,0,0,0,0,0,0,0
882664c8bbfffff,0,1,0,0,0,2,1,0,0,0,0,2,8,0
882664c8c1fffff,0,13,9,1,0,2,0,1,0,0,0,0,2,0
882664c8c3fffff,0,16,1,3,0,2,0,6,0,0,0,1,1,3
882664c8c5fffff,0,11,1,0,0,0,1,0,0,0,0,0,0,2
882664c8c7fffff,0,11,1,0,0,1,1,0,0,0,0,1,0,2
882664c8c9fffff,0,8,1,0,0,6,3,2,1,0,0,0,0,2
882664c8cbfffff,0,13,5,0,0,1,0,0,0,0,0,0,0,3
882664c8cdfffff,0,11,3,0,0,1,1,0,0,0,0,1,1,2
882664c8d1fffff,1,3,4,2,2,9,6,6,0,0,0,0,3,5
882664c8d3fffff,0,5,0,0,0,0,0,2,0,0,0,0,0,2
882664c8d5fffff,0,7,2,0,5,1,4,2,1,0,2,0,8,2
882664c8d7fffff,0,2,2,5,1,3,2,0,0,0,0,0,1,1
882664c8d9fffff,1,8,9,1,4,5,1,2,0,0,0,0,3,3
882664c8dbfffff,0,6,1,1,0,1,0,0,0,0,0,0,0,1
882664c8ddfffff,0,11,4,2,0,1,2,0,0,0,0,0,0,2
882664c8ebfffff,0,1,0,0,0,0,0,0,0,0,0,0,0,0
882664c959fffff,0,0,0,0,1,1,0,3,0,0,0,1,2,1
882664ca01fffff,1,2,3,1,4,13,8,1,0,0,7,2,2,3
882664ca03fffff,0,7,3,7,2,26,10,7,2,0,8,8,14,1
882664ca05fffff,1,3,3,2,0,8,5,3,0,0,3,2,5,2
882664ca07fffff,1,1,0,9,1,5,5,0,0,0,1,3,2,1
882664ca09fffff,4,0,1,1,3,15,6,0,0,0,0,4,9,5
882664ca0bfffff,2,2,4,0,1,11,5,1,0,0,4,5,4,6
882664ca0dfffff,2,0,1,0,0,6,3,0,0,0,4,0,0,1
882664ca11fffff,3,6,2,1,5,36,13,3,0,0,22,15,20,8
882664ca13fffff,1,14,4,3,1,27,7,3,1,0,4,3,6,3
882664ca15fffff,2,11,4,4,1,19,4,4,2,0,4,3,6,3
882664ca17fffff,0,7,2,2,1,19,1,2,0,0,7,2,5,3
882664ca19fffff,2,4,3,1,0,15,2,1,1,0,1,3,6,9
882664ca1bfffff,0,3,2,0,2,20,8,2,1,1,6,7,6,3
882664ca1dfffff,1,4,3,2,0,38,7,4,0,0,6,11,21,5
882664ca21fffff,2,4,1,0,0,7,5,0,0,0,0,2,5,2
882664ca23fffff,4,2,1,0,1,7,2,0,0,0,0,1,3,3
882664ca25fffff,1,3,0,0,0,4,3,1,0,0,0,0,1,1
882664ca27fffff,1,4,4,0,3,3,0,1,0,1,0,0,1,2
882664ca29fffff,1,3,1,0,0,3,2,1,0,0,0,1,0,3
882664ca2bfffff,0,2,1,1,1,6,3,3,0,0,0,1,2,2
882664ca2dfffff,0,0,3,0,0,0,2,0,0,0,0,1,0,3
882664ca31fffff,0,5,4,0,0,2,5,0,0,0,2,1,2,2
882664ca33fffff,1,7,2,1,1,0,4,1,0,0,1,1,2,1
882664ca35fffff,0,2,0,1,0,4,5,1,0,0,0,2,3,2
882664ca37fffff,0,5,2,0,2,3,1,0,0,0,0,0,4,1
882664ca39fffff,3,6,6,2,0,15,13,7,1,1,1,3,14,1
882664ca3bfffff,3,3,1,5,1,6,8,1,0,0,3,1,2,1
882664ca3dfffff,2,3,1,0,1,3,4,0,0,0,1,1,2,4
882664ca41fffff,2,3,0,0,0,6,9,1,0,0,6,0,4,2
882664ca43fffff,0,6,3,0,3,11,3,1,0,0,7,3,6,3
882664ca45fffff,2,3,2,0,1,3,2,1,0,0,0,2,3,1
882664ca47fffff,1,3,3,0,1,6,3,0,0,0,2,0,3,2
882664ca49fffff,0,2,0,1,0,14,6,0,1,0,1,0,1,2
882664ca4bfffff,0,4,2,0,0,4,4,1,5,0,1,1,1,3
882664ca4dfffff,0,9,1,2,1,12,5,1,0,0,0,2,3,1
882664ca51fffff,1,2,4,3,2,18,3,4,0,0,2,5,6,2
882664ca53fffff,1,2,3,2,0,1,4,1,0,0,1,4,5,2
882664ca55fffff,0,2,0,1,1,6,1,2,3,0,1,2,8,2
882664ca57fffff,1,2,2,6,0,10,4,1,2,0,7,0,2,2
882664ca59fffff,0,6,3,0,2,10,2,4,0,0,4,7,8,2
882664ca5bfffff,1,4,2,3,0,18,3,2,0,0,5,5,6,3
882664ca5dfffff,0,2,3,1,0,5,0,2,0,0,2,1,3,3
882664ca61fffff,2,4,0,0,2,6,2,1,0,0,2,0,5,1
882664ca63fffff,1,3,2,0,0,2,0,0,1,0,1,2,0,2
882664ca65fffff,1,3,1,6,6,21,3,18,1,1,1,11,16,2
882664ca67fffff,4,4,3,1,0,9,1,1,0,0,1,5,4,1
882664ca69fffff,2,4,2,0,1,10,3,0,0,0,1,1,3,3
882664ca6bfffff,3,6,1,2,1,11,3,1,0,0,3,3,6,4
882664ca6dfffff,1,3,0,1,0,0,2,0,0,0,4,1,0,4
882664ca81fffff,1,1,2,2,1,8,5,0,0,0,0,1,0,4
882664ca83fffff,0,6,6,0,2,7,1,2,0,0,0,1,1,1
882664ca85fffff,0,2,3,2,0,1,1,0,0,0,0,0,1,3
882664ca87fffff,0,7,4,3,2,2,0,0,0,0,1,4,3,1
882664ca89fffff,0,4,4,6,3,22,3,2,0,0,4,2,7,3
882664ca8bfffff,3,4,4,4,0,2,3,0,0,0,3,0,3,3
882664ca8dfffff,5,2,2,2,2,7,4,5,0,0,3,7,7,2
882664ca91fffff,0,4,3,4,1,29,6,4,0,2,5,1,1,5
882664ca93fffff,0,7,1,1,0,2,1,1,0,0,1,1,0,2
882664ca95fffff,0,4,6,2,0,17,1,10,0,3,0,1,1,3
882664ca97fffff,0,9,5,0,5,3,1,2,0,0,0,1,3,4
882664ca99fffff,2,6,7,4,1,2,3,3,0,0,0,2,3,8
882664ca9bfffff,0,5,7,6,1,27,2,0,1,0,1,2,3,3
882664ca9dfffff,1,2,3,5,0,8,1,6,0,1,5,0,1,4
882664caa1fffff,0,2,3,2,0,2,1,0,0,0,1,1,1,3
882664caa3fffff,0,7,1,0,0,0,1,2,0,0,0,0,1,4
882664caa5fffff,1,8,4,0,4,2,2,1,0,0,0,3,9,3
882664caa7fffff,0,5,2,0,0,1,3,0,0,0,0,0,0,3
882664caa9fffff,0,6,4,2,0,1,2,3,0,0,1,0,1,1
882664caabfffff,0,11,6,0,1,0,0,0,0,0,0,0,4,2
882664caadfffff,0,19,1,5,0,1,0,1,0,0,0,0,0,1
882664cab1fffff,0,12,2,0,1,2,0,3,0,0,0,0,1,1
882664cab3fffff,0,1,1,55,0,1,0,1,0,0,0,0,1,1
882664cab5fffff,1,7,4,0,1,3,1,0,0,0,0,0,1,3
882664cab7fffff,0,8,3,1,0,0,0,0,0,0,0,0,0,3
882664cab9fffff,1,1,2,0,0,2,1,0,0,0,1,0,0,2
882664cabbfffff,1,5,1,0,0,10,4,0,0,0,0,0,1,3
882664cabdfffff,1,13,5,1,0,2,2,1,0,0,0,0,2,4
882664cac1fffff,1,6,4,1,7,83,7,6,0,1,18,19,51,4
882664cac3fffff,2,3,3,3,0,42,9,5,0,2,10,4,5,7
882664cac5fffff,3,10,5,0,2,18,4,5,1,0,1,2,5,3
882664cac7fffff,0,9,8,4,1,18,1,6,0,0,11,5,5,3
882664cac9fffff,5,6,5,1,0,8,2,1,0,1,5,4,3,3
882664cacbfffff,1,4,6,4,2,32,8,5,2,0,2,9,24,4
882664cacdfffff,3,14,3,5,2,29,6,3,4,1,9,9,27,7
882664cad1fffff,2,2,3,1,1,20,4,0,0,0,4,0,6,2
882664cad3fffff,0,2,6,6,9,127,16,12,1,5,24,37,40,16
882664cad5fffff,3,5,6,3,0,20,6,1,0,0,7,2,6,5
882664cad7fffff,0,7,3,4,1,26,4,3,1,0,5,0,2,7
882664cad9fffff,1,2,4,3,1,5,2,3,0,0,2,2,3,3
882664cadbfffff,2,1,0,2,1,20,3,3,0,0,10,7,4,3
882664caddfffff,0,3,2,2,0,13,2,0,0,0,3,3,4,2
882664cae1fffff,1,3,1,3,0,0,0,2,0,0,0,0,0,1
882664cae3fffff,0,1,2,0,3,7,1,0,0,0,1,1,7,2
882664cae5fffff,3,7,2,0,0,0,2,1,0,0,0,0,0,2
882664cae7fffff,0,9,1,0,0,6,5,1,0,0,1,3,8,1
882664cae9fffff,0,5,2,3,0,5,2,1,0,0,2,1,1,2
882664caebfffff,0,2,5,3,2,12,6,2,0,0,3,4,7,3
882664caedfffff,0,7,2,13,3,12,6,1,0,0,1,1,6,3
882664cb01fffff,0,3,1,0,0,1,0,0,0,0,0,0,0,1
882664cb03fffff,0,2,0,0,0,0,3,1,0,0,2,1,1,1
882664cb05fffff,1,1,0,0,1,4,1,0,0,0,1,1,0,3
882664cb07fffff,0,1,3,0,2,8,1,1,0,0,0,1,2,2
882664cb09fffff,2,0,2,1,3,8,4,4,0,0,0,4,6,2
882664cb0bfffff,0,3,1,0,0,1,0,0,0,0,1,0,0,0
882664cb0dfffff,1,1,0,0,2,5,0,1,0,0,1,0,0,1
882664cb11fffff,0,4,2,2,0,3,4,1,0,0,0,2,0,1
882664cb13fffff,1,3,2,0,0,3,3,0,0,0,0,1,0,5
882664cb15fffff,1,3,0,0,3,10,0,2,2,0,0,3,13,0
882664cb17fffff,0,5,1,1,0,3,6,0,0,0,0,1,9,3
882664cb19fffff,0,3,4,0,4,7,5,1,0,0,1,2,5,3
882664cb1bfffff,2,4,1,0,0,0,7,0,0,0,2,1,2,8
882664cb1dfffff,0,3,3,2,0,6,3,2,1,0,1,0,1,3
882664cb21fffff,0,3,1,0,0,0,0,0,0,0,0,0,0,1
882664cb23fffff,0,0,0,0,0,0,0,0,0,0,1,0,0,0
882664cb25fffff,0,0,0,0,0,0,0,0,0,0,0,0,0,1
882664cb27fffff,0,0,0,0,2,0,0,0,0,0,0,0,0,0
882664cb29fffff,0,0,0,0,0,0,0,0,0,0,1,1,0,0
882664cb2bfffff,0,1,3,0,0,2,0,0,0,0,0,0,0,1
882664cb2dfffff,1,1,1,0,0,2,0,0,0,0,1,1,0,3
882664cb31fffff,1,1,1,0,1,1,4,1,0,0,2,2,1,0
882664cb33fffff,0,2,0,0,0,1,0,0,0,0,0,0,0,1
882664cb39fffff,1,1,1,0,0,0,2,0,0,0,1,0,1,2
882664cb3bfffff,7,2,2,0,1,3,1,0,0,0,0,1,3,2
882664cb41fffff,0,0,1,0,0,0,1,0,1,0,0,1,0,0
882664cb43fffff,0,0,4,2,1,3,1,0,0,0,0,1,1,3
882664cb47fffff,0,2,2,0,0,1,1,0,0,0,0,0,0,0
882664cb49fffff,2,5,0,0,1,3,2,0,0,0,0,3,0,2
882664cb4bfffff,0,2,2,0,0,7,3,3,0,0,4,5,4,1
882664cb4dfffff,0,1,1,0,0,0,0,0,0,0,0,0,0,0
882664cb51fffff,1,7,1,0,0,7,1,0,0,0,1,2,3,2
882664cb53fffff,0,2,4,0,0,1,1,1,0,0,0,0,1,2
882664cb55fffff,0,3,5,1,1,9,1,2,0,0,0,2,5,1
882664cb57fffff,0,0,1,0,0,3,1,1,0,0,0,0,0,2
882664cb59fffff,3,1,2,0,0,4,0,1,0,0,0,1,3,3
882664cb5bfffff,4,1,1,0,0,1,4,0,0,0,1,1,0,5
882664cb5dfffff,1,3,2,1,0,2,3,0,0,0,1,1,0,2
882664cb63fffff,0,1,0,0,0,1,0,1,0,0,0,0,1,1
882664cb65fffff,0,0,0,0,0,1,0,0,0,0,0,0,0,0
882664cc01fffff,0,5,2,1,1,0,3,0,0,0,0,0,0,2
882664cc03fffff,1,6,1,0,0,1,1,0,0,1,0,1,1,1
882664cc05fffff,0,2,1,0,0,0,2,0,0,0,0,1,0,3
882664cc07fffff,0,1,0,0,0,0,2,0,0,0,0,0,0,2
882664cc09fffff,0,2,1,1,0,2,1,0,0,0,0,0,0,0
882664cc0bfffff,1,11,3,6,0,3,3,1,0,0,1,3,3,2
882664cc0dfffff,0,17,1,1,0,1,0,0,0,0,0,0,0,1
882664cc11fffff,0,4,4,2,0,0,1,0,0,0,0,0,0,1
882664cc13fffff,0,9,3,1,0,1,2,0,0,0,1,0,0,3
882664cc15fffff,1,12,1,1,0,1,0,0,0,0,0,2,0,2
882664cc17fffff,0,12,2,0,2,0,2,1,1,1,3,0,1,2
882664cc19fffff,0,4,1,1,1,4,1,1,0,0,0,3,1,0
882664cc1bfffff,3,4,3,0,2,8,4,1,0,0,0,7,3,2
882664cc1dfffff,0,3,1,0,0,0,2,0,0,0,0,1,0,2
882664cc21fffff,0,7,1,0,3,4,1,2,0,0,0,1,5,3
882664cc23fffff,1,16,0,0,0,3,2,2,0,0,0,0,1,3
882664cc25fffff,0,16,0,1,1,1,2,0,0,0,0,0,4,3
882664cc27fffff,0,10,2,0,0,0,0,1,0,0,0,0,0,1
882664cc29fffff,0,5,1,0,2,2,1,1,0,0,0,0,2,0
882664cc2bfffff,0,6,4,3,0,0,0,3,0,0,0,1,0,1
882664cc2dfffff,0,14,3,0,0,0,2,0,0,0,0,0,0,3
882664cc31fffff,0,5,2,1,0,3,5,0,0,0,0,0,0,2
882664cc33fffff,1,3,1,1,1,3,4,1,0,0,0,0,1,7
882664cc35fffff,0,4,1,0,0,0,1,0,0,0,0,0,0,1
882664cc37fffff,0,6,1,0,3,2,2,0,0,0,0,0,1,2
882664cc39fffff,0,11,6,1,0,1,5,0,0,0,0,0,2,7
882664cc3bfffff,0,5,1,1,0,5,3,0,0,0,1,0,1,2
882664cc3dfffff,0,7,2,0,0,2,0,0,0,0,0,0,0,2
882664cc41fffff,0,4,1,2,0,3,0,4,0,0,0,3,2,1
882664cc43fffff,0,1,2,5,2,4,0,2,0,0,0,0,0,2
882664cc45fffff,1,11,8,11,1,7,3,1,0,0,0,0,1,3
882664cc47fffff,0,8,1,6,0,3,2,1,0,0,1,0,1,3
882664cc49fffff,1,6,1,2,3,8,0,2,0,0,0,5,5,2
882664cc4bfffff,0,5,2,1,1,7,3,2,0,0,0,3,4,2
882664cc4dfffff,0,4,1,13,1,3,1,0,1,0,1,1,5,1
882664cc51fffff,0,3,5,5,0,2,1,0,1,1,0,0,1,2
882664cc53fffff,0,1,2,3,0,2,1,0,0,0,0,0,0,3
882664cc55fffff,0,6,5,7,3,11,2,2,0,0,1,0,1,8
882664cc57fffff,0,8,3,0,0,1,0,1,0,0,0,0,0,2
882664cc59fffff,0,5,1,5,1,12,3,2,5,0,1,5,8,4
882664cc5bfffff,0,1,0,9,0,0,0,0,2,0,0,0,0,0
882664cc5dfffff,0,10,5,3,7,25,4,0,0,0,1,5,5,1
882664cc61fffff,0,2,1,0,0,0,0,0,0,0,0,0,0,0
882664cc63fffff,0,2,1,0,0,0,1,0,0,0,0,0,0,2
882664cc65fffff,0,1,2,0,0,0,0,0,0,0,0,0,0,0
882664cc67fffff,1,5,4,1,0,0,2,1,0,0,0,0,0,4
882664cc69fffff,0,1,0,0,0,0,0,0,0,0,0,0,0,0
882664cc6bfffff,0,6,4,1,1,7,5,1,0,0,0,0,8,6
882664cc6dfffff,0,3,1,0,0,4,1,2,0,0,0,1,1,3
882664cc81fffff,3,4,2,1,0,0,1,0,0,2,1,0,1,2
882664cc83fffff,2,1,1,0,5,6,3,1,0,0,0,0,5,3
882664cc85fffff,0,1,1,0,0,0,0,0,0,0,0,0,0,1
882664cc87fffff,0,5,1,0,0,0,0,0,0,0,0,0,0,0
882664cc89fffff,1,1,3,0,0,8,1,2,0,0,0,0,2,2
882664cc8bfffff,0,2,3,0,0,0,0,0,0,0,0,0,0,0
882664cc8dfffff,0,2,2,0,2,5,4,1,0,0,0,0,3,2
882664cc91fffff,0,5,3,0,0,0,0,0,0,0,0,0,0,2
882664cc93fffff,2,5,0,0,0,7,3,1,0,0,0,0,0,2
882664cc97fffff,0,1,0,0,0,0,0,0,0,0,0,0,0,0
882664cc99fffff,0,4,1,0,0,1,1,1,0,0,0,0,0,0
882664cc9bfffff,1,0,1,0,0,0,0,0,0,0,0,0,0,1
882664cc9dfffff,0,0,0,0,0,2,1,0,0,0,0,0,4,0
882664cca1fffff,0,1,0,0,0,2,1,0,0,0,0,1,0,1
882664cca3fffff,0,1,2,1,0,0,0,0,0,0,0,0,0,1
882664cca5fffff,0,3,2,0,0,0,0,0,0,0,0,0,1,2
882664cca7fffff,0,3,1,0,1,1,0,0,0,0,0,0,0,2
882664cca9fffff,0,10,3,0,0,0,0,0,0,1,0,0,0,1
882664ccabfffff,0,6,1,0,0,0,2,0,0,0,0,2,0,1
882664ccadfffff,0,1,1,0,0,0,0,0,0,0,0,0,0,0
882664ccb1fffff,0,0,1,1,0,0,0,0,0,0,0,0,0,2
882664ccb5fffff,0,2,1,2,0,2,1,0,0,0,0,0,0,2
882664ccb7fffff,0,0,2,2,0,0,0,0,0,0,0,2,0,1
882664ccbbfffff,0,0,0,0,0,0,0,0,0,0,0,0,0,1
882664ccbdfffff,0,1,1,0,0,0,0,0,0,0,0,0,0,1
882664ccc1fffff,0,9,2,0,0,1,0,0,0,0,0,1,0,2
882664ccc3fffff,3,4,3,0,0,1,0,0,0,0,0,3,0,1
882664ccc5fffff,0,4,1,2,1,3,1,0,0,1,0,0,0,1
882664ccc7fffff,0,7,4,0,1,2,1,0,0,0,0,0,2,2
882664ccc9fffff,0,2,2,0,0,1,1,0,0,0,0,1,1,3
882664cccbfffff,0,3,0,0,0,2,2,2,0,0,0,0,1,4
882664cccdfffff,3,4,3,1,1,4,3,1,0,0,1,0,4,3
882664ccd1fffff,3,7,5,1,0,5,4,1,0,0,0,2,3,3
882664ccd3fffff,4,8,2,1,5,9,2,5,1,0,1,5,9,2
882664ccd5fffff,0,2,1,0,0,0,0,0,0,0,0,0,0,1
882664ccd7fffff,0,3,0,0,0,0,0,3,0,0,0,0,0,1
882664ccd9fffff,1,3,0,0,1,4,3,0,0,0,0,1,3,1
882664ccdbfffff,0,15,4,3,0,0,2,0,0,0,0,1,0,0
882664ccddfffff,0,3,4,0,0,0,0,0,0,0,0,0,0,0
882664cce1fffff,1,4,1,0,1,3,5,0,0,0,0,0,3,3
882664cce3fffff,2,2,1,0,4,4,1,5,0,0,0,3,12,2
882664cce5fffff,0,5,0,0,0,0,0,0,0,0,0,0,0,1
882664cce7fffff,0,3,2,0,1,3,0,0,0,0,2,0,1,1
882664cce9fffff,0,5,2,0,3,2,4,0,0,1,1,3,2,3
882664ccebfffff,0,1,0,0,0,0,0,0,0,0,0,0,0,1
882664ccedfffff,0,3,3,0,0,3,1,0,0,0,0,0,1,2
882664cd01fffff,2,4,0,0,1,6,4,0,1,0,0,0,1,3
882664cd03fffff,0,5,2,1,0,1,2,0,0,0,0,0,0,2
882664cd05fffff,0,1,4,0,0,1,1,0,0,0,0,0,0,1
882664cd07fffff,0,8,3,0,1,2,3,0,0,0,0,3,5,1
882664cd09fffff,0,3,4,0,2,2,2,0,0,0,0,1,1,1
882664cd0bfffff,4,1,3,0,2,3,2,0,0,0,0,1,0,2
882664cd0dfffff,0,3,3,0,0,4,5,2,0,0,0,4,2,2
882664cd11fffff,4,3,1,0,0,1,1,0,0,0,0,0,1,2
882664cd13fffff,0,2,2,0,0,0,1,0,0,0,0,0,0,1
882664cd15fffff,2,5,2,1,0,0,1,0,0,0,0,0,0,2
882664cd17fffff,2,5,1,1,0,5,2,1,0,0,0,0,1,3
882664cd19fffff,0,9,3,1,0,0,1,0,0,0,0,0,0,1
882664cd1bfffff,0,16,3,0,0,2,1,0,0,0,0,1,2,2
882664cd1dfffff,0,2,1,0,1,4,2,0,0,0,0,0,2,3
882664cd21fffff,0,2,2,0,0,2,2,1,0,0,0,0,2,1
882664cd23fffff,2,1,3,3,3,3,2,2,0,0,0,0,3,2
882664cd25fffff,1,7,0,2,8,30,4,0,1,0,2,1,11,2
882664cd27fffff,0,5,1,1,0,1,4,0,0,0,1,1,1,2
882664cd29fffff,1,2,4,0,3,3,3,1,0,0,0,1,0,2
882664cd2bfffff,1,2,2,0,1,0,2,0,0,0,0,0,1,3
882664cd2dfffff,0,0,0,0,0,1,2,1,0,0,2,0,0,2
882664cd31fffff,0,0,1,0,0,0,0,0,0,0,0,0,0,0
882664cd33fffff,0,0,0,0,0,0,0,0,0,0,0,0,0,2
882664cd35fffff,2,2,1,0,0,5,1,0,0,0,0,0,2,2
882664cd37fffff,0,0,1,0,0,0,0,0,0,0,0,0,0,1
882664cd39fffff,0,2,2,1,0,3,6,1,0,0,0,1,2,5
882664cd3bfffff,0,4,4,0,0,0,1,1,0,0,0,0,0,2
882664cd3dfffff,1,3,2,0,2,3,0,0,0,0,0,0,0,2
882664cd41fffff,0,2,2,0,1,2,3,2,0,0,1,0,1,1
882664cd43fffff,0,4,2,1,1,2,6,0,0,0,1,3,3,6
882664cd45fffff,0,1,5,0,1,7,2,1,0,0,0,0,5,2
882664cd47fffff,0,0,1,0,0,0,1,0,0,0,0,0,0,1
882664cd49fffff,1,0,0,0,0,2,0,0,0,0,2,0,0,0
882664cd4bfffff,1,2,3,0,0,7,4,1,0,0,0,0,8,6
882664cd4dfffff,1,8,9,0,2,1,1,0,0,0,0,1,2,1
882664cd51fffff,0,1,4,0,0,1,3,0,0,0,0,0,0,4
882664cd53fffff,0,7,5,0,0,1,2,0,0,0,0,0,2,3
882664cd55fffff,1,2,2,0,0,0,1,0,0,0,0,0,1,3
882664cd57fffff,1,1,0,0,0,0,1,0,0,0,0,0,0,1
882664cd59fffff,2,3,2,1,0,0,0,2,0,0,0,0,0,2
882664cd5bfffff,0,4,1,0,0,0,1,0,0,0,0,0,0,2
882664cd5dfffff,0,2,3,1,0,0,0,0,0,0,0,0,0,1
882664cd61fffff,2,2,3,0,2,3,1,1,0,1,2,0,2,2
882664cd63fffff,0,0,1,0,0,0,0,0,0,0,0,1,0,1
882664cd65fffff,0,0,3,0,0,0,2,0,0,0,2,1,0,3
882664cd67fffff,2,1,1,0,3,11,4,0,1,1,0,2,7,3
882664cd69fffff,2,0,0,0,0,1,1,1,0,0,1,0,1,1
882664cd6bfffff,2,0,0,0,1,3,1,2,0,0,1,1,3,2
882664cd6dfffff,2,1,0,0,3,3,3,1,0,0,0,2,3,3
882664cd81fffff,0,6,2,0,1,2,2,0,0,0,0,2,1,4
882664cd83fffff,1,4,0,0,0,0,1,0,0,1,0,0,0,2
882664cd85fffff,0,3,2,0,0,0,0,0,12,0,0,0,0,3
882664cd87fffff,0,0,0,0,0,0,0,0,0,0,1,0,0,1
882664cd89fffff,0,6,2,0,0,2,0,0,0,0,0,1,1,1
882664cd8bfffff,0,4,4,0,0,0,4,0,0,0,0,1,1,4
882664cd8dfffff,0,1,4,0,0,0,0,0,0,0,0,0,0,2
882664cd91fffff,1,3,1,0,0,1,0,2,0,0,0,0,0,2
882664cd93fffff,0,1,3,0,0,0,3,0,0,1,0,0,1,4
882664cd95fffff,0,1,3,0,0,4,0,0,0,1,0,0,1,1
882664cd97fffff,0,3,5,0,0,0,0,1,0,0,0,0,0,1
882664cd99fffff,0,2,1,0,0,0,0,0,0,0,0,0,0,2
882664cd9bfffff,0,2,1,0,0,0,0,0,0,0,0,0,0,1
882664cd9dfffff,0,0,2,0,0,0,0,0,0,0,0,0,0,1
882664cda1fffff,0,1,0,0,0,0,0,1,0,0,0,0,0,0
882664cda5fffff,1,0,0,0,0,2,1,0,0,0,0,0,1,0
882664cdabfffff,0,0,0,0,0,0,0,0,2,0,0,0,1,0
882664cdadfffff,0,0,2,0,1,3,1,0,0,0,0,0,1,2
882664cdb1fffff,0,1,0,0,0,0,0,0,0,0,0,0,0,0
882664cdb3fffff,0,3,1,0,0,2,0,1,0,0,0,1,0,1
882664cdb5fffff,0,0,0,0,0,1,0,1,0,0,0,0,0,0
882664cdb7fffff,2,0,2,0,0,3,4,1,0,0,1,0,0,3
882664cdb9fffff,0,6,3,1,2,5,2,1,0,0,0,0,3,1
882664cdbbfffff,0,1,0,1,0,3,0,0,0,0,0,0,0,0
882664cdbdfffff,1,2,2,1,2,4,0,1,0,0,0,0,5,0
882664cdc1fffff,0,4,1,1,0,1,1,0,0,0,0,0,0,0
882664cdc3fffff,0,14,4,1,0,2,1,1,0,0,0,0,1,1
882664cdc5fffff,1,1,1,0,0,1,0,0,0,0,0,0,2,3
882664cdc7fffff,0,23,6,0,0,1,4,0,0,0,0,0,2,3
882664cdc9fffff,0,14,3,0,0,0,1,0,0,0,0,0,0,1
882664cdcbfffff,0,6,2,0,0,0,1,1,0,0,0,0,2,2
882664cdcdfffff,0,11,2,0,2,1,3,0,0,0,0,0,2,3
882664cdd1fffff,0,1,0,0,2,1,1,0,1,0,0,0,1,1
882664cdd3fffff,1,1,0,0,1,3,1,2,0,0,0,2,8,0
882664cdd5fffff,0,4,1,0,0,1,0,0,0,0,0,0,0,1
882664cdd7fffff,0,4,2,0,0,0,1,0,0,0,0,0,0,2
882664cdd9fffff,0,2,2,0,1,2,0,0,0,0,0,0,2,0
882664cddbfffff,1,2,3,0,0,11,4,0,0,0,0,1,8,5
882664cdddfffff,0,4,2,0,1,2,2,0,0,0,0,0,2,2
882664cde1fffff,1,0,1,0,1,5,1,0,0,0,0,2,2,3
882664cde3fffff,0,3,0,0,0,0,1,1,3,0,0,0,0,3
882664cde5fffff,1,0,0,0,0,0,1,0,0,0,0,0,0,1
882664cde7fffff,0,3,2,0,0,0,0,0,0,0,0,0,0,0
882664cde9fffff,2,1,3,0,0,1,0,0,0,0,0,0,0,0
882664cdebfffff,0,4,0,0,0,3,2,0,0,0,0,0,1,2
882664cdedfffff,0,4,0,0,0,0,0,0,0,0,0,0,0,0
882664ce21fffff,0,0,0,4,0,0,0,0,0,0,0,0,0,1
882664ce23fffff,0,1,4,2,0,0,1,0,0,0,0,0,0,1
882664ce25fffff,1,9,3,0,1,0,2,0,0,0,0,0,1,2
882664ce27fffff,0,8,3,1,0,8,1,1,0,0,1,1,3,1
882664ce2bfffff,0,0,0,1,0,0,0,0,0,0,0,0,0,0
882664ce2dfffff,0,3,2,1,0,0,0,1,0,0,0,0,0,1
882664ce31fffff,0,0,0,1,0,0,0,0,0,1,0,0,0,0
882664ce33fffff,0,0,0,1,0,0,0,0,0,0,0,0,0,0
882664ce35fffff,0,2,3,0,1,10,2,1,0,0,0,5,4,4
882664ce37fffff,1,4,4,5,8,47,6,5,0,2,4,15,17,4
882664ce65fffff,0,0,0,1,0,0,0,0,0,0,0,0,0,0
882664ce67fffff,0,0,0,0,0,1,0,0,0,0,1,0,0,0
882664cea1fffff,0,2,1,6,0,3,1,0,1,0,0,5,0,2
882664cea3fffff,0,9,3,1,0,9,4,2,0,0,1,7,3,3
882664cea5fffff,0,2,2,0,0,1,2,0,0,0,0,0,0,4
882664cea7fffff,0,8,2,0,1,6,3,0,0,0,1,2,10,1
882664ceabfffff,0,0,0,2,0,0,0,0,0,0,0,0,0,0
882664ceadfffff,0,0,0,1,0,0,0,1,1,0,1,0,0,1
882664ceb1fffff,0,2,2,2,0,0,0,0,0,0,0,0,0,3
882664ceb3fffff,0,3,2,0,0,0,0,0,0,0,0,0,0,0
882664ceb5fffff,0,7,1,0,0,1,1,0,0,0,0,0,3,1
882664ceb7fffff,1,8,2,0,0,4,2,0,0,0,0,0,1,2
882664cebdfffff,0,1,2,0,0,0,0,0,0,0,0,0,0,0
882664cf01fffff,0,7,6,4,1,12,2,0,0,2,2,4,1,1
882664cf03fffff,0,1,1,1,2,5,1,1,0,0,2,2,1,4
882664cf05fffff,1,1,0,0,1,6,1,1,0,0,1,0,10,1
882664cf07fffff,0,0,0,1,0,2,0,0,0,0,1,1,1,1
882664cf09fffff,4,5,5,0,2,12,4,1,1,0,0,1,7,6
882664cf0bfffff,0,3,2,0,2,7,1,1,0,0,1,1,9,1
882664cf0dfffff,0,3,2,0,1,2,1,0,0,0,1,0,1,1
882664cf11fffff,1,0,3,0,0,2,3,0,0,0,0,0,0,4
882664cf13fffff,0,7,2,0,0,4,5,0,0,0,0,2,0,1
882664cf15fffff,2,1,1,2,0,2,3,1,0,0,1,4,0,2
882664cf17fffff,1,3,1,1,0,1,0,0,0,0,1,0,0,1
882664cf19fffff,0,7,8,2,0,2,1,0,0,1,0,1,1,2
882664cf1bfffff,0,4,3,0,0,1,0,0,0,0,0,0,0,1
882664cf1dfffff,0,1,1,0,1,5,1,0,0,0,1,5,0,1
882664cf21fffff,0,4,2,0,1,4,3,2,0,0,0,0,2,4
882664cf23fffff,0,1,0,0,0,0,0,0,0,0,0,0,0,1
882664cf25fffff,0,0,1,0,0,0,4,0,0,0,1,0,0,6
882664cf27fffff,2,4,2,0,0,9,3,1,0,0,0,2,7,5
882664cf29fffff,1,0,0,0,1,3,1,1,0,0,0,1,3,2
882664cf2bfffff,0,5,6,1,1,1,4,1,0,0,0,1,0,4
882664cf2dfffff,0,0,1,0,0,0,0,0,0,0,0,1,0,1
882664cf31fffff,1,3,0,0,1,5,3,2,0,0,3,0,5,1
882664cf33fffff,0,1,0,0,0,2,0,1,0,0,0,0,0,1
882664cf35fffff,0,1,0,0,0,0,0,0,0,0,0,0,0,1
882664cf37fffff,0,4,7,0,4,4,4,2,0,0,0,0,4,1
882664cf39fffff,1,0,0,0,0,0,0,0,0,0,0,0,1,0
882664cf3bfffff,0,0,1,0,0,0,1,0,0,0,0,0,4,0
882664cf3dfffff,0,0,1,0,1,1,1,0,0,0,0,0,0,1
882664cf41fffff,0,2,2,6,1,9,5,0,0,0,5,1,2,4
882664cf43fffff,0,0,2,1,0,6,5,0,0,0,1,0,0,2
882664cf45fffff,0,2,5,3,0,22,3,2,0,0,4,3,11,3
882664cf47fffff,0,1,0,1,0,3,1,0,0,0,1,1,0,3
882664cf49fffff,0,1,0,5,0,0,2,0,1,0,0,0,2,0
882664cf4bfffff,0,10,7,18,9,69,9,3,0,2,4,7,11,4
882664cf4dfffff,0,3,1,4,0,16,1,0,0,0,3,6,0,5
882664cf51fffff,0,5,6,2,0,4,1,1,0,0,0,1,1,9
882664cf53fffff,0,5,4,0,4,14,3,3,0,0,0,2,5,3
882664cf55fffff,0,7,5,0,0,8,4,0,1,0,0,0,0,4
882664cf57fffff,0,1,2,5,1,3,1,0,0,0,6,4,0,4
882664cf59fffff,0,1,0,1,0,2,0,1,0,0,0,1,0,1
882664cf5bfffff,0,2,1,1,0,1,0,0,0,0,0,0,0,2
882664cf5dfffff,2,2,3,1,0,5,6,2,0,1,0,3,3,1
882664cf61fffff,0,6,2,0,0,1,7,1,0,0,1,0,4,3
882664cf63fffff,0,0,0,0,0,0,0,0,0,0,0,0,0,1
882664cf65fffff,5,4,5,0,5,20,7,2,2,0,0,2,9,4
882664cf67fffff,0,0,0,0,0,0,1,0,0,0,0,0,2,1
882664cf69fffff,1,4,7,19,6,33,10,4,0,0,4,4,9,5
882664cf6bfffff,1,0,0,1,0,1,0,0,0,0,0,0,1,0
882664cf6dfffff,0,4,5,1,0,4,0,0,1,0,1,0,0,1
882664d811fffff,2,1,1,2,1,11,3,1,0,0,2,5,5,3
882664d813fffff,0,2,2,0,0,6,4,1,0,0,0,5,4,5
882664d815fffff,0,1,0,0,1,5,0,0,0,0,0,2,2,0
882664d817fffff,8,3,3,0,2,10,7,3,0,0,2,9,10,4
882664d81bfffff,1,4,1,6,6,7,6,1,0,0,0,3,11,3
882664d833fffff,0,4,1,1,0,2,1,0,0,0,0,1,0,2
882664d83bfffff,1,10,1,0,1,1,2,1,0,0,0,0,1,1
882664d881fffff,1,2,5,2,2,15,5,2,0,0,0,0,7,4
882664d883fffff,0,7,1,6,5,33,8,6,0,0,15,13,43,2
882664d885fffff,0,3,0,1,0,0,0,0,0,0,0,0,0,0
882664d887fffff,1,0,3,0,0,5,2,0,0,0,5,0,1,4
882664d889fffff,1,7,3,1,2,19,2,0,0,0,2,5,8,2
882664d88bfffff,2,5,1,7,2,24,7,4,1,0,2,6,6,2
882664d88dfffff,1,1,0,1,0,4,2,0,0,1,1,1,1,2
882664d891fffff,0,10,4,1,0,6,3,3,0,1,1,0,0,4
882664d893fffff,0,3,2,3,0,4,2,0,0,0,1,0,1,2
882664d895fffff,3,3,2,5,3,26,5,1,0,0,5,7,5,3
882664d897fffff,0,3,5,2,9,27,5,3,0,0,3,2,6,4
882664d899fffff,0,1,0,2,0,1,0,0,1,0,0,0,1,0
882664d89bfffff,0,0,0,0,1,3,0,0,2,0,0,0,1,2
882664d89dfffff,0,4,1,9,2,39,17,8,1,2,1,9,18,5
882664d8a1fffff,0,2,2,0,0,0,0,0,0,0,0,0,0,2
882664d8a3fffff,1,6,2,0,0,10,3,1,0,0,1,0,0,4
882664d8a5fffff,1,2,5,2,0,7,3,0,0,0,1,0,1,3
882664d8a7fffff,1,4,7,0,2,10,2,0,0,1,0,1,2,3
882664d8a9fffff,1,8,4,1,0,3,3,0,0,3,2,0,1,4
882664d8abfffff,1,3,0,0,1,11,5,1,0,2,2,2,5,3
882664d8adfffff,1,3,3,0,2,7,0,2,0,1,0,1,2,3
882664d8b1fffff,0,6,7,1,1,39,6,2,1,0,6,5,10,5
882664d8b3fffff,1,4,2,3,7,23,4,10,0,0,14,17,13,3
882664d8b5fffff,1,4,2,2,2,24,8,3,1,0,4,8,6,6
882664d8b7fffff,2,0,1,1,0,15,6,3,0,0,3,2,3,4
882664d8b9fffff,1,6,2,1,2,14,6,4,2,1,2,0,5,4
882664d8bbfffff,1,6,5,3,0,17,3,1,1,0,3,1,5,2
882664d8bdfffff,1,1,3,2,2,19,4,0,0,0,0,1,8,2
882664d8c1fffff,0,8,4,16,3,24,5,0,0,1,3,2,6,3
882664d8c3fffff,2,7,4,13,4,32,4,4,0,1,3,2,6,1
882664d8c5fffff,0,6,3,0,2,19,6,2,0,0,1,4,10,3
882664d8c7fffff,2,5,4,4,0,13,10,4,0,0,11,13,9,6
882664d8c9fffff,0,0,0,0,0,2,1,0,0,0,0,0,1,1
882664d8cdfffff,1,4,1,18,0,2,1,0,0,1,4,2,0,3
882664d8d5fffff,0,4,1,2,0,1,1,0,0,0,1,0,1,0
882664d8d7fffff,0,1,0,1,0,0,0,0,0,0,0,0,0,1
882664d8e1fffff,3,5,0,0,4,12,10,0,0,0,0,1,7,1
882664d8e3fffff,4,1,1,3,2,6,4,0,0,0,0,1,7,4
882664d8e5fffff,0,11,4,1,0,0,1,0,0,0,0,0,0,1
882664d8e7fffff,1,8,3,0,2,5,5,0,0,0,1,1,1,4
882664d8e9fffff,2,7,3,0,1,3,1,0,0,0,0,0,1,2
882664d8ebfffff,1,3,0,0,1,8,8,0,0,0,1,4,1,2
882664d8edfffff,0,7,3,2,0,0,1,0,0,0,0,0,0,1
882664d981fffff,0,2,0,0,1,2,1,2,0,0,0,4,0,0
882664d985fffff,2,0,0,0,1,2,1,0,0,0,0,2,0,2
882664d987fffff,1,2,0,0,0,0,0,0,0,0,0,1,0,1
882664d989fffff,0,1,1,0,0,1,0,0,0,0,0,1,0,0
882664d98bfffff,0,1,2,0,1,0,0,0,0,0,0,0,0,0
882664d98dfffff,0,3,2,0,0,2,0,2,0,0,1,1,3,2
882664d991fffff,0,3,0,1,0,2,2,2,0,0,0,1,0,1
882664d993fffff,0,1,3,0,3,10,3,1,0,0,2,3,8,2
882664d995fffff,0,1,0,0,0,5,3,0,1,0,0,0,4,1
882664d997fffff,1,6,2,0,1,5,4,2,0,0,0,1,1,3
882664d999fffff,0,3,2,0,0,0,0,2,0,0,0,0,0,0
882664d99bfffff,1,2,2,0,0,3,0,0,0,0,0,0,0,1
882664d99dfffff,0,0,0,0,0,0,0,0,0,0,0,0,0,1
882664d9a1fffff,0,2,2,0,2,0,3,0,0,0,0,3,0,1
882664d9a3fffff,0,3,1,2,2,3,3,9,0,0,1,5,3,1
882664d9a5fffff,1,3,0,0,0,0,1,0,0,0,2,1,2,1
882664d9a7fffff,1,0,1,0,2,2,1,2,0,0,0,2,0,0
882664d9a9fffff,0,0,0,0,0,1,0,0,0,0,0,0,0,0
882664d9abfffff,0,2,0,0,1,3,0,1,0,0,0,0,0,1
882664d9adfffff,0,2,0,0,3,10,3,2,2,1,2,5,1,4
882664d9b1fffff,1,2,3,6,5,14,4,2,0,0,2,7,6,3
882664d9b3fffff,1,3,2,0,3,3,1,0,0,0,3,3,4,2
882664d9b5fffff,2,1,1,0,0,0,3,3,0,0,2,4,2,3
882664d9b7fffff,0,2,1,0,2,4,2,3,0,0,0,2,4,1
882664d9b9fffff,0,3,0,0,0,1,1,1,0,0,1,0,1,0
882664d9bbfffff,1,2,0,0,2,6,5,1,0,0,1,2,1,3
882664d9bdfffff,3,3,2,1,3,7,2,5,0,0,3,2,4,2
882664d9d1fffff,0,3,3,0,0,2,0,0,0,0,0,0,2,0
882664d9d3fffff,0,3,0,0,0,4,0,0,2,0,0,0,0,2
882664d9d5fffff,0,0,0,0,0,1,0,0,0,0,0,0,0,1
882664d9d7fffff,2,2,1,3,1,5,1,0,0,0,1,2,2,4
882664d9dbfffff,4,5,2,0,1,18,3,3,0,3,0,5,9,1
882664d9e1fffff,0,2,2,1,0,0,0,0,0,0,0,0,0,0
882664d9e3fffff,0,2,2,1,1,6,4,2,0,0,0,7,9,1
882664d9e5fffff,0,3,0,0,0,1,0,0,0,1,0,0,0,0
882664d9e7fffff,0,3,0,1,0,0,0,0,0,0,0,0,0,1
882664d9edfffff,0,0,0,0,0,0,0,0,0,0,0,1,0,0
882664daa7fffff,0,2,1,0,0,1,1,0,0,0,0,1,0,2
8827593403fffff,0,1,0,0,0,0,0,0,0,0,0,0,0,0
8827593407fffff,0,2,0,0,0,0,0,0,0,0,0,0,0,0
882759340bfffff,0,0,0,0,1,0,0,0,0,0,0,1,0,0
8827593413fffff,0,0,0,0,0,0,0,0,0,0,0,0,0,4
8827593415fffff,0,1,0,0,0,0,0,0,0,0,0,0,0,0
8827593417fffff,0,1,0,0,0,0,0,0,0,0,0,0,0,0
8827593419fffff,0,0,0,0,0,1,1,0,0,0,0,0,0,16
882759341bfffff,0,0,0,0,0,0,0,0,0,0,0,0,0,4
882759341dfffff,0,0,0,0,0,0,0,0,0,0,0,0,0,1
8827593429fffff,0,0,0,0,0,0,0,0,0,0,1,0,0,0
882759342bfffff,1,0,0,0,0,0,0,0,0,0,0,0,0,1
8827593433fffff,0,2,0,0,0,4,0,0,0,0,2,0,0,0
8827593437fffff,0,0,0,0,0,0,0,0,0,0,0,0,0,1
882759343bfffff,0,3,0,1,0,2,2,0,0,0,0,0,3,2
88275934a9fffff,0,0,0,0,0,0,0,0,0,0,0,1,0,0
88275934c5fffff,0,2,0,0,0,0,2,0,0,0,0,0,0,0
88275934cbfffff,0,0,0,0,0,1,0,0,0,1,0,0,0,0
88275934d1fffff,0,0,0,0,0,0,0,0,4,0,0,0,0,0
88275934d3fffff,0,0,0,1,0,0,0,0,1,0,0,0,0,0
88275934d9fffff,0,1,1,0,1,0,2,0,0,0,0,1,0,0
88275934ddfffff,0,2,0,0,0,0,0,0,0,0,0,0,0,0
88275934e1fffff,0,1,0,0,0,1,0,0,0,0,1,0,1,0
88275934e7fffff,0,1,0,0,0,0,0,0,0,0,0,1,0,1
88275934e9fffff,0,1,0,1,6,22,8,0,0,0,4,12,8,0
88275934edfffff,0,33,0,2,18,72,14,4,0,1,13,25,43,9
88275935dbfffff,0,0,0,0,0,0,0,0,0,0,0,3,0,0
8827593683fffff,0,0,0,0,0,0,1,0,0,0,0,0,0,0
882759368bfffff,0,1,0,0,1,0,0,0,0,0,0,0,0,0
8827593691fffff,2,2,1,0,0,5,2,0,0,0,0,0,1,3
8827593693fffff,1,2,1,0,4,5,3,1,0,0,0,0,4,0
8827593695fffff,0,1,2,0,0,0,0,1,0,0,0,0,1,0
8827593697fffff,0,2,2,0,0,0,0,0,0,0,0,0,0,0
8827593699fffff,0,5,1,0,0,0,0,0,0,0,0,0,0,0
882759369bfffff,0,2,0,1,0,2,0,0,0,0,0,0,0,0
882759369dfffff,0,2,2,0,0,0,0,1,0,0,0,0,0,0
88275936a3fffff,0,1,0,0,0,0,0,0,0,0,0,0,0,0
88275936b1fffff,0,1,0,0,0,2,1,0,0,0,0,0,0,1
88275936b3fffff,0,1,2,0,1,0,0,0,0,0,0,0,0,0
88275936b5fffff,0,0,0,0,0,0,0,0,3,0,0,0,0,0
88275936b7fffff,0,1,0,0,0,0,0,0,0,0,0,0,0,0
88275936b9fffff,0,0,0,0,1,2,0,0,0,2,1,0,0,1
88275936bbfffff,0,2,1,0,0,0,0,1,0,0,0,0,0,0
88275936bdfffff,0,0,0,1,0,0,0,0,0,2,0,0,0,0
88275936c3fffff,1,0,0,0,0,0,0,0,0,0,0,0,0,0
88275936cbfffff,0,0,1,0,0,2,0,0,0,0,0,0,0,0
88275936d1fffff,0,1,0,0,0,0,0,0,0,0,0,0,0,0
88275936d3fffff,2,1,4,0,2,3,1,3,0,0,4,3,3,0
88275936d5fffff,0,1,1,0,0,4,0,0,0,0,1,0,1,0
88275936d7fffff,0,1,0,0,3,3,1,0,0,0,0,3,1,1
88275936dbfffff,0,0,0,0,0,1,1,0,1,0,0,0,0,1
88275936ddfffff,1,1,1,0,0,4,0,0,0,0,0,1,0,0
